Code,Name (日本語),Detail (日本語),Name (English),Detail (English),Name (Français),Detail (Français),Name (Korean),Detail (Korean),Name (Deutsch),Detail (Deutsch),Name (Italiano),Detail (Italiano)
11,北海道地方,,Hokkaido area,,zone Hokkaido,,홋카이도 지역 ,,Region Hokkaidō,,area di Hokkaido,
12,東北地方,,Tohoku area,,zone Tohoku,,동북 지방 ,,Region Tōhoku,,area di Tohoku,
13,北陸地方,,Hokuriku area,,zone Hokuriku,,호쿠리쿠 지방 ,,Region Hokuriku,,area di Hokuriku,
14,関東甲信地方,,Kanto koshinetsu area,,zone Kanto koshinetsu,,관동 코시네츠 지역 ,,Region Kantō-Kōshinetsu,,area di Kanto koshinesu,
15,小笠原地方,,Ogasawara area,,zone Ogasawara,,오가 사 와라 지역 ,,Region Ogasawara,,area di Ogasawara,
16,東海地方,,Tokai area,,zone Tokai,,도카이 지방 ,,Region Tōkai,,area di Tokai,
17,近畿地方,,Kinki area,,zone Kinki ,,긴키 지방 ,,Region Kinki,,area di Kinki,
18,中国地方,,Chugoku area,,zone Chugoku,,중국 지역 ,,Region Chūgoku,,area di Chugoku,
19,四国地方,,Shikoku area,,zone Shikoku,,시코쿠 지방 ,,Region Shikoku,,area di Shikoku,
20,九州地方,,Kyusyu area,,zone Kyusyu,,규슈 지방 ,,Region Kyūshū,,area di Kyusyu,
21,沖縄地方,,Okinawa area,,zone Okinawa,,오키나와 지방 ,,Region Okinawa,,area di Okinawa,
100,石狩地方北部,石狩市及び石狩郡,Northern Ishikari area,Ishikari city and Ishikari district,zone Ishikari Nord,ville et district d'Ishikari,이시카 북부 지방 ,,Nordteil der Provinz Ishikari,"Stadt, und Kreis Ishikari",area di Ishikari Nord,città e distretto d'Ishikari
101,石狩地方中部,札幌市及び江別市,Central Ishikari area,Sapporo city and Ebetsu city,zone Ishikari Centre,villes de Sapporo et Ebetsu,이시카 지역 중부 ,,Zentral der Provinz Ishikari,"Städte Sapporo, und Ebetsu",area di Ishikari Centro,città di Sapporo e Ebesu
102,石狩地方南部,千歳市、恵庭市及び北広島市,Southern Ishikari area,"Chitose city, Eniwa city, and Kitahiroshima city",zone Ishikari Sud,"villes de Chitose, Eniwa et Kitahiroshima",이시카 지방 남부 ,,Südteil der Provinz Ishikari,"Städte Chitose, Eniwa, und Kitahiroshima",area di Ishikari Sud,"città di Chitose, Eniwa e Kitahiroshima"
105,渡島地方北部,二海郡及び山越郡,Northern Oshima area,Futami district and Yamakoshi district,zone Oshima Nord,districts de Futami et Yamakoshi,오시마 북부 지방 ,,Nordteil der Provinz Bezirk,"Kreise Futami, und Yamakoshi",area di Oshima Nord,distretti di Futami e Yamakoshi
106,渡島地方東部,函館市、北斗市、亀田郡及び茅部郡,Eastern Oshima area,"Hakodate city, Hokuto city, Kameda district, and Kayabe district",zone Oshima Est,"villes de Hakodate, Hokuto, Kameda et Kayabe",오시마 지역 동부 ,,Ostteil der Provinz Oshima,"Städte Hakodate, und Hokuto, Kreise Kameda, und Kayabe",area di Oshima Est,"città di Hakodate, Hokuto, Kameda e Kayabe"
107,渡島地方西部,松前郡及び上磯郡,Western Oshima area,Matsumae district and Kamiiso district,zone Oshima Ouest,districts de Matsumae et Kamiiso,오시마 지방 서부 ,,Westteil der Provinz Oshima,"Kreise Matsumae, und Kamiiso",area di Oshima Ovest,distretti di Matsumae e Kamiiso
110,檜山地方,檜山郡、爾志郡、瀬棚郡及び久遠郡,Hiyama area,"Hiyama district, Nishi district, Setana district, and Kudo district",zone Hiyama,"districts de Hiyama, Nishi, Setana et Kudo",히야마 지역 ,,Provinz Hiyama,"Kreise Hiyama, Nishi, Sedana, und Kudo",area di Hiyama,"distretti di Hiyama, Nishi, Seana e Kudo"
115,後志地方北部,小樽市、積丹郡、古平郡及び余市郡,Northern Shribeshi area,"Otaru city, Shakotan district, Furubira district, and Yoichi district",zone Shribeshi Nord,"ville d'Otaru et districts de Shakotan, Furubira et Yoichi",시리베시 북부 지방 ,,Nordteil der Provinz Shiribeshi,"Städte Otaru, und Kreise Shakotan, Furubira und Yoichi",area di Shribeshi Nord,"città d'Otaru e distretti di Shakotan, Furubira e Yoichi"
116,後志地方東部,虻田郡（胆振地方西部の区域を除く。）,Eastern Shiribeshi area,Abuta district (except western Iburi area),zone Shiribeshi Est,district d'Abuta (exceptée la région Iburi ouest),시리베시 지역 동부 ,,Ostteil der Provinz Shiribeshi,Kreis Abuta (Außer dem Westteil der Zone Iburi),area di Shiribeshi Est,distretto d'Abuta (eccetto la région Iburi Ovest)
117,後志地方西部,島牧郡、寿都郡、磯谷郡、岩内郡及び古宇郡,Western Shiribeshi area,"Shimamaki district, Sutsu district, Isoya district, Iwanai district, and Furuu district",zone Shiribeshi Ouest,"districts de Shimamaki, Sutsu, Isoya, Iwanai et Furû",시리베시 지방 서부 ,,Westteil der Provinz Shiribeshi,"Kreise Shimamaki, Sutsu, Isoya, Iwatani, Iwanai, und Furuu",area di Shiribeshi Ovest,"distretti di Shimamaki, Sutsu, Isoya, Iwanai e Furû"
119,北海道奥尻島,奥尻郡,Okushiri island,Okushiri district,île Okushiri,district d'Okushiri,홋카이도 오쿠 시리 섬 ,,Insel Okushiri,Kreis Okushiri,isola Okushiri,distretto d'Okushiri
120,空知地方北部,深川市及び雨竜郡（上川地方北部及び空知地方中部の区域を除く。）,Northern Sorachi area,Fukagawa city and Uryu district (except northern Kamikawa area and central Sorachi area),zone Sorachi Nord,ville de Fukagawa et district d'Uryu (exceptées les régions Kamikawa nord et Sorachi centre),소라치 북부 지방 ,,Nordteil der Provinz Sorachi,"Stadt Fukagawa, und Kreis Uryu (Außer der Nordteil der Zone Kamikawa, und Mitte der Zone Sorachi)",area di Sorachi Nord,città di Fukagawa e distretto d'Uryu (eccetto le regioni Kamikawa nord e Sorachi Centro)
121,空知地方中部,芦別市、赤平市、滝川市、砂川市、歌志内市、空知郡（奈井江町及び上砂川町に限る。）、樺戸郡（月形町を除く。）及び雨竜郡雨竜町,Central Sorachi area,"Ashibetsu city, Akabira city, Takikawa city, Sunagawa city, Utashinai city, Sorachi district (limited to Naie and Kamisunagawa), Kabato district (except Tsukigata), and Uryu in Uryu district",zone Sorachi Centre,"villes d'Ashibetsu, Akabira, Takikawa, Sunagawa et Utashinai, districts de Sorachi (restreint à Naie et Kamisunagawa) et de Kabato (excepté Tsukigata), village d'Uryu dans le district d'Uryu",소라치 지역 중부 ,,Zentral der Provinz Sorachi,"Stadt Monbetsu, Akahira, Takigawa, Sunagawa, Utashinai, und Kreis Sorachi (Nur Stadt Naie, und Kamisunagawa), Kreis Kabato(Außer Stadt Tsukigata), und Stadt Uryu in Kreis Uryu.",area di Sorachi Centro,"città d'Ashibesu, Akabira, Takikawa, Sunagawa e Utashinai, distretti di Sorachi (limitato a Naie e Kamisunagawa) e di Kabato (eccetto Tsukigata), villaggio d'Uryu dentro il distretto d'Uryu"
122,空知地方南部,夕張市、岩見沢市、美唄市、三笠市、空知郡南幌町、夕張郡及び樺戸郡月形町,Southern Sorachi area,"Yubari city, Iwamizawa city, Bibai city, Mikasa city, Nanporo in Sorachi district, Yubari distict, and Tsukigata in Kabato district",zone Sorachi Sud,"villes de Yubari, Iwamizawa, Bibai et Mikasa, village de Nanporo dans le district de Sorachi, district de Yubari, village de Tsukigata dans le district de Kabato",소라치 지방 남부 ,,Südteil der Provinz Sorachi,"Stadt Yubari, Iwamizawa, Bibai, Mikasa, und Stadt Namporo in Kreis Sorachi, Kreis Yubari, und Stadt Tsukigata in Kreis Kabato",area di Sorachi Sud,"città di Yubari, Iwamizawa, Bibai e Mikasa, villaggio di Nanporo dentro il distretto di Sorachi, distretto di Yubari, villaggio di Tsukigata dentro il distretto di Kabato"
125,上川地方北部,士別市、名寄市、雨竜郡幌加内町、上川郡（和寒町、剣淵町及び下川町に限る。）及び中川郡（美深町、音威子府村及び中川町に限る。）,Northern Kamikawa area,"Shibetsu city, Nayoro city, Horokanai in Uryu district, Kamikawa district (limited to Wassamu, Kenbuchi, and Shimokawa), and Nakagawa distict (limited to Bibuka, Otoineppu, Nakagawa)",zone Kamikawa Nord,"villes de Shibetsu et Nayoro, village de Horokanai dans le district d'Uryu, districts de Kamikawa (restreint à Wassamu, Kenbuchi et Shimokawa) et de Nakagawa (restreint à Bibuka, Otoineppu et Nakagawa)",가미 카와 북부 지방 ,,Nordteil der Provinz Kamikawa,,area di Kamikawa Nord,"città di Shibesu e Nayoro, villaggio di Horokanai dentro il distretto d'Uryu, distretti di Kamikawa (limitato a Wassamu, Kenbuchi e Shimokawa) e di Nakagawa (limitato a Bibuka, Otoineppu e Nakagawa)"
126,上川地方中部,旭川市及び上川郡（上川地方北部、十勝地方北部及び十勝地方中部の区域を除く。）,CentralKamikawa area,"Asahikawa city and Kamikawa district (except northern Kamikawa area, northern Tokachi area, and central Tokachi area)",zone Kamikawa Centre,"ville d'Asahikawa et district de Kamikawa (exceptées les régions Kamikawa, Tokachi Nord et Tokachi Centre)",가미 카와 지역 중부 ,,Mitte der Provinz Kamikawa,,area di Kamikawa Centro,"città d'Asahikawa e distretto di Kamikawa (eccetto le regioni Kamikawa, Tokachi Nord e Tokachi Centro)"
127,上川地方南部,富良野市、空知郡（空知地方中部及び空知地方南部の区域を除く。）及び勇払郡占冠村,Southern Kamikawa area,"Furano city, Sorachi district (except central Tokachi area and Southern Tokachi area), and Shimukappu in Yufutu district",zone Kamikawa Sud,"ville de Furano, district de Sorachi (exceptées les régions Tokachi Centre et Tokachi Sud) et Shimukappu dans le district de Yufutsu",가미 카와 지역 남부 ,,Südteil der Provinz Kamikawa,,area di Kamikawa Sud,"città di Furano, distretto di Sorachi (eccetto le regioni Tokachi Centro e Tokachi Sud) e Shimukappu dentro il distretto di Yufutsu"
130,留萌地方中北部,苫前郡及び天塩郡（宗谷地方北部の区域を除く。）,Middle northern Rumoi area,Tomamae district and Teshio district (except northern Souya area),zone Rumoi Centre Nord,districts de Tomamae et Teshio (exceptée la région Sôya Nord),루모이 지역 중북부 ,,Nordzentral der Provinz Rumoi,,area di Rumoi Centro Nord,distretti di Tomamae e Teshio (eccetto la région Sôya Nord)
131,留萌地方南部,留萌市、増毛郡及び留萌郡,Southern Rumoi area,"Rumoi city, Mashike distict, and Rumoi district",zone Rumoi Sud,"ville de Rumoi, districts de Mashike et Rumoi",루모이 지방 남부 ,,Südteil der Provinz Rumoi,,area di Rumoi Sud,"città di Rumoi, distretti di Mashike e Rumoi"
135,宗谷地方北部,稚内市、宗谷郡及び天塩郡（幌延町及び豊富町に限る。）,Northern Souya area,"Wakkanai city, Souya district and Teshio district (limited to Horonobe and Toyotomi)",zone Sôya Nord,"ville de Wakkanai, districts de Sôya et Teshio (restreint à Horonobe et Toyotomi)",소야 북부 지방 ,,Nordteil der Provinz Soya,,area di Sôya Nord,"città di Wakkanai, distretti di Sôya e Teshio (limitato a Horonobe e Toyotomi)"
136,宗谷地方南部,枝幸郡,,Esashi district,zone Sôya Sud,district d'Esashi,소야 지방 남부 ,,Südteil der Provinz Soya,,area di Sôya Sud,distretto d'Esashi
139,北海道利尻礼文,礼文郡及び利尻郡,Rishiri and Rebun island,Rebun district and Rishiri district,îles Rishiri et Rebun,districts de Rebun et Rishiri,홋카이도 이시리섬 레분도 ,,,,isole Rishiri e Rebun,distretti di Rebun e Rishiri
140,網走地方,網走市、網走郡及び斜里郡,Abashiri area of Abashiri area,"Abashiri city, Abashiri district, and Shari district",zone Abashiri,ville d'Abashiri et districts d'Abashiri et Shari,아바시리 지역 ,,Provinz Abashiri,,area di Abashiri,città d'Abashiri e distretti d'Abashiri e Shari
141,北見地方,北見市及び常呂郡,Kitami area of Abashiri area,Kitami city and Tokoro district,"zone Abashiri, Kitami",ville de Kitami et district de Tokoro,키타 지역 ,,Provinz Abashiri，Kitami,,"area di Abashiri, Kitami",città di Kitami e distretto di Tokoro
142,紋別地方,紋別市及び紋別郡,Monbetsu area of Abashiri area,Monbetsu city and Monbetsu district,"zone Abashiri, Monbetsu",ville et district de Monbetsu,몬베쓰 지역 ,,"Provinz Abashiri,Monbetsu",,"area di Abashiri, Monbesu",città e distretto di Monbesu
145,胆振地方西部,伊達市、虻田郡（豊浦町及び洞爺湖町に限る。）及び有珠郡,Western Iburi area,"Date city, Abuta district (limited to Toyoura and Touyako), and Usu district",zone Iburi Ouest,"ville de Date, districts d'Abuta (restreint à Toyoüra et Tôyako) et d'Usu",이부리 지방 서부,,Westteil der Provinz Iburi,,area di Iburi Ovest,"città di Date, distretti d'Abuta (limitato a Toyoüra e Tôyako) e d'Usu"
146,胆振地方中東部,室蘭市、苫小牧市、登別市、白老郡及び勇払郡（占冠村を除く。）,Mid-Eastern Iburi area,"Muroran city, Tomakomai city, Noboribetsu city, Shiraoi district, and Yufutsu district (except Shimukappu)",zone Iburi Centre Est,"villes de Muroran, Tomakomai et Noboribetsu, districts de Shiraoi et Yufutsu (excepté Shimukappu)",이부리 지역 중동 부 ,,Ostzentral der Provinz Iburi,,area di Iburi Centro Est,"città di Muroran, Tomakomai e Noboribesu, distretti di Shiraoi e Yufutsu (eccetto Shimukappu)"
150,日高地方西部,沙流郡,Western Hidaka area,Saru district,zone Hidaka Ouest,district de Saru,히다카 지방 서부 ,,Westteil der Provinz Hidaka,,area di Hidaka Ovest,distretto di Saru
151,日高地方中部,新冠郡及び日高郡,Central Hidaka area,Niikappu district and Hidaka district,zone Hidaka Centre,districts de Niikappu et Hidaka,히다카 지역 중부 ,,Zentral der Provinz Hidaka,,area di Hidaka Centro,distretti di Niikappu e Hidaka
152,日高地方東部,浦河郡、様似郡及び幌泉郡,Eastern Hidaka area,"Urakawa district, Samani district, and Horoizumi district",zone Hidaka Est,"districts de Urakawa, Samani et Horoizumi",히다카 지역 동부 ,,Ostteil der Provinz Hidaka,,area di Hidaka Est,"distretti di Urakawa, Samani e Horoizumi"
155,十勝地方北部,河東郡（上士幌町及び鹿追町に限る。）、上川郡新得町及び足寄郡,Northern Tokachi area,"Kato district (limited to Kamishihoro and Shikaoi), Shintoku in Kamikawa distict, and Ashoro district",zone Tokachi Nord,"district de Kato (restreint à Kamishihoro et Shikaoi), village de Shintoku dans le district de Kamikawa et district d'Ashoro",토카치 지역 북부 ,,Nordteil der Provinz Tokachi,,area di Tokachi Nord,"distretto di Kato (limitato a Kamishihoro e Shikaoi), villaggio di Shintoku dentro il distretto di Kamikawa e distretto d'Ashoro"
156,十勝地方中部,帯広市、河東郡（十勝地方北部の区域を除く。）、上川郡清水町、河西郡芽室町、中川郡（上川地方北部の区域を除く。）及び十勝郡,Central Tokachi area,"Obihiro city, Kato district (except northern Tokachi area), Shimizu in Kamikawa district, Memuro in Kasai district, Nakagawa district (except northern Kamikawa area), and Tokachi district",zone Tokachi Centre,"ville d'Obihiro, district de Kato (exceptée la région Tokachi Nord), villages de Shimizu dans le district de Kamikawa et Memuro dans le district de Kasai, district de Nakagawa (exceptée la région Kamikawa Nord) et district de Tokachi",토카치 지방 중부 ,,Zentral der Provinz Tokachi,,area di Tokachi Centro,"città d'Obihiro, distretto di Kato (eccetto la région Tokachi Nord), villaggi di Shimizu dentro il distretto di Kamikawa e Memuro dentro il distretto di Kasai, distretto di Nakagawa (eccetto la région Kamikawa Nord) e distretto di Tokachi"
157,十勝地方南部,河西郡（芽室町を除く。）及び広尾郡,Southern Tokachi area,Kasai district (except Memuro) and Hiroo district,zone Tokachi Sud,districts de Kasai (excepté Memuro) et Hiroo,토카치 지방 남부 ,,Südteil der Provinz Tokachi,,area di Tokachi Sud,distretti di Kasai (eccetto Memuro) e Hiroo
160,釧路地方北部,川上郡弟子屈町,Northern Kushiro area,Teshikaga in Kawakami district,zone Kushiro Nord,village de Teshikaga dans le district de Kawakami,쿠시 북부 지방 ,,Nordteil der Provinz Kushiro,,area di Kushiro Nord,villaggio di Teshikaga dentro il distretto di Kawakami
161,釧路地方中南部,釧路市、釧路郡、厚岸郡、川上郡標茶町、阿寒郡及び白糠郡,Mid-Southern Kushiro area,"Kushiro city, Kushiro district, Akkeshi district, Shibecha in Kawakami district, Akan district, and Shiranuka district",zone Kushiro Centre Sud,"ville de Kushiro et districts de Kushiro, Akkeshi, Akan et Shiranuka et village de Shibecha dans le district de Kawakami",쿠시로 지방 중남부 ,,Südzentral der Provinz Kushiro,,area di Kushiro Centro Sud,"città di Kushiro e distretti di Kushiro, Akkeshi, Akan e Shiranuka e villaggio di Shibecha dentro il distretto di Kawakami"
165,根室地方北部,標津郡及び目梨郡,Northern Nemuro area,Shibetu district and Menashi district,zone Nemuro Nord,districts de Shibetsu et Menashi,네무로 북부 지방 ,,Nordteil der Provinz Nemuro,,area di Nemuro Nord,distretti di Shibesu e Menashi
166,根室地方中部,野付郡,Central Nemuro area,Notsuke district,zone Nemuro Centre,district de Notsuke,네무로 지역 중부 ,,Zentral der Provinz Nemuro,,area di Nemuro Centro,distretto di Notsuke
167,根室地方南部,根室市,Southern Nemuro area,Nemuro city,zone Nemuro Sud,ville de Nemuro,네무로 지역 남부 ,,Südteil der Provinz Nemuro,,area di Nemuro Sud,città di Nemuro
180,北海道南西沖,,SW off Hokkaido pref.,,SO large d'Hokkaido,,홋카이도 남서 해안 ,,SW von der Küste Hokkaido,,SO a largo di Hokkaido,
181,北海道西方沖,,W off Hokkaido pref.,,O large d'Hokkaido,,홋카이도 서쪽 해안 ,,W von der Küste Hokkaido,,O a largo di Hokkaido,
182,石狩湾,,Ishikari bay,,baie d'Ishikari,,이시카 리만 ,,Ishikari-Bucht,,baia d'Ishikari,
183,北海道北西沖,,NW off Hokkaido pref.,,NO large d'Hokkaido,,홋카이도 북서부 해안 ,,NW von der Küste Hokkaidō,,NO a largo di Hokkaido,
184,宗谷海峡,,Souya strait region,,détroit de Sôya,,宗谷海峡 ,,Sōya-Straße,,stretto di Sôya,
186,国後島付近,,Kunashiritou area,,vers Kunashiritô,,쿠나시리토 부근 ,,Nähe Kunashiritō,,area di Kunashiritô,
187,択捉島付近,,Etrofutou area,,vers Etrofutô,,択捉島 부근 ,,Nähe Etorofutō,,area di erofutô,
188,北海道東方沖,,E off Hokkaido pref.,,E large d'Hokkaido,,홋카이도 동쪽 바다 ,,O von der Küste Hokkaido,,E a largo di Hokkaido,
189,根室半島南東沖,,SE off Nemuro peninsula,,SE large de Nemuro,,네무로 반도 남쪽 바다 ,,SO von der Halbinsel Nemuro,,SE a largo di Nemuro,
190,釧路沖,,Off Kushiro,,large de Kushiro,,쿠시로 떨어져 ,,von der Küste Kushiro,,a largo di Kushiro,
191,十勝沖,,Off Tokachi,,large de Tokachi,,토카치 바다 ,,von der Küste Tokachi,,a largo di Tokachi,
192,浦河沖,,Off Urakawa,,large d'Urakawa,,우라카와 바다 ,,von der Küste Urakawa,,a largo di Urakawa,
193,苫小牧沖,,Off Tomakomai,,large de Tomakomai,,토마 코마이 떨어져 ,,von der Küste Tomakomai,,a largo di Tomakomai,
194,内浦湾,,Uchiura bay,,baie d'Uchiura,,우치 우라 ,,Uchiura-Bucht,,baia d'Uchiura,
195,宗谷東方沖,,E off Souya,,E large de Sôya,,소야 동방 바다 ,,O von der Küste Sōya,,E a largo di Sôya,
196,網走沖,,Off Abashiri,,large d'Abashiri,,아바시리 앞바 다 ,,von der Küste Abashiri,,a largo di Abashiri,
197,択捉島南東沖,,SE off etrofu island,,SE large de l'île Etrofu,,択捉島 남쪽 바다 ,,,,SE a largo dell'isola erofu,
200,青森県津軽北部,青森市、五所川原市、つがる市、東津軽郡及び北津軽郡,Northern Tsugaru area Aomori pref.,"Aomori city, Gokashogawara city, Tsugaru city, Higashitsugaru district, and Kitatsugaru district","préf. Aomori, Tsugaru Nord","villes d'Aomori, Gokashogawara et Tsugaru, districts de Higashitsugaru et Kitatsugaru",아오모리현 쓰가루 북부 ,,,,"pref. Aomori, Tsugaru Nord","città d'Aomori, Gokashogawara e Tsugaru, distretti di Higashitsugaru e Kitatsugaru"
201,青森県津軽南部,弘前市、黒石市、平川市、西津軽郡、中津軽郡及び南津軽郡,Southern Tsugaru area Aomori pref.,"Hirosaki city, Kuroishi city, Hirakawa city, Nishitsugaru district, Nakatsugaru district, and Minamitsugaru district","préf. Aomori, Tsugaru Sud","villes de Hirosaki, Kuroishi et Hirakawa, districts de Nishitsugaru, Nakatsugaru et Minamitsugaru",아오모리현 쓰가루 남부 ,,,,"pref. Aomori, Tsugaru Sud","città di Hirosaki, Kuroishi e Hirakawa, distretti di Nishitsugaru, Nakatsugaru e Minamitsugaru"
202,青森県三八上北,八戸市、十和田市、三沢市、上北郡及び三戸郡,Sanpachi-kamikita Aomori pref.,"Hachinohe city, Towada city, Misawa city, Kamikita district, and Sannohe district","préf. Aomori, Sanpachi-kamikita","villes de Hachinoe, Towada et Misawa, districts de Kamikita et Sannohe",아오모리현 산파치 카미키타,,,,"pref. Aomori, Sanpachi-kamikita","città di Hachinoe, Towada e Misawa, distretti di Kamikita e Sannohe"
203,青森県下北,むつ市及び下北郡,Shimokita Aomori pref.,Mutsu city and Shimokita district,"préf. Aomori, Shimokita",ville de Mutsu et district de Shimokita,아오모리현 시모 키타 ,,,,"pref. Aomori, Shimokita",città di Mutsu e distretto di Shimokita
210,岩手県沿岸北部,宮古市、久慈市、下閉伊郡及び九戸郡（岩手県内陸北部の区域を除く。）,Northern coast Iwate pref.,"Miyako city, Kuji city, Shimohei district, and Kunohe district (except northern inland Iwate prefecture)","préf. Iwate, côte Nord","villes de Miyako et Kuji, districts de Shimohei et Kunohe (exceptée la partie Nord de la préfecture d'Iwate)",이와테현 연안 북부 ,,,,"pref. Iwate, costa Nord","città di Miyako e Kuji, distretti di Shimohei e Kunohe (eccetto la parte Nord della prefettura d'Iwate)"
211,岩手県沿岸南部,大船渡市、陸前高田市、釜石市、気仙郡及び上閉伊郡,Souterhn coast Iwate pref.,"Ofunato city, Rikuzentakata city, Kamaishi city, Kesen district, and Kamihei district","préf. Iwate, côte Sud","villes de Ofunato, Rikuzentakata et Kamaishi, districts de Kesen et Kamihei",이와테현 연안 남부 ,,,,"pref. Iwate, costa Sud","città di Ofunato, Rikuzentakata e Kamaishi, distretti di Kesen e Kamihei"
212,岩手県内陸北部,盛岡市、二戸市、八幡平市、岩手郡、紫波郡、九戸郡（軽米町及び九戸村に限る。）及び二戸郡,Northern inland Iwata pref.,"Morioka city, Ninohe city, Hachimantai city, Iwate district, Shiwa district, Kunohe district (limited to Karumai and Kunohe), and Ninohe district","préf. Iwate, Nord","villes de Morioka, Ninohe et Hachimantai, districts d'Iwate, Shiwa, Kunohe (restreint à Karumai et Kunohe) et Ninohe",이와테현 내륙 북부 ,,,,"pref. Iwate, Nord","città di Morioka, Ninohe e Hachimantai, distretti d'Iwate, Shiwa, Kunohe (limitato a Karumai e Kunohe) e Ninohe"
213,岩手県内陸南部,花巻市、北上市、遠野市、一関市、奥州市、和賀郡、胆沢郡、西磐井郡及び東磐井郡,Southern inland Iwate pref.,"Hanamaki city, Kitakami city, Tono city, Ichinoseki city, Oshu city, and Waga district, Tanzawa district, Nishiiwai district, and Higashiiwai district","préf. Iwate, Sud","villes de Hanamaki, Kitakami, Tono, Ichinoseki et Oshu, districts de Waga, Tanzawa, Nishiiwai et Higashiiwai",이와테현 내륙 남부 ,,,,"pref. Iwate, Sud","città di Hanamaki, Kitakami, Tono, Ichinoseki e Oshu, distretti di Waga, Tanzawa, Nishiiwai e Higashiiwai"
220,宮城県北部,気仙沼市、登米市、栗原市、大崎市、加美郡、遠田郡及び本吉郡,Northern Miyagi pref.,"Kesennuma city, Tome city, Kurihara city, Osaki city, Kami district, Toda district, and Motoyoshi district","préf. Miyagi, Nord","villes de Kesennuma, Tome, Kurihara et Osaki, districts de Kami, Toda et Motoyoshi",미야기현 북부 ,,,,"pref. Miyagi, Nord","città di Kesennuma, Tome, Kurihara e Osaki, distretti di Kami, Toda e Motoyoshi"
221,宮城県南部,白石市、名取市、角田市、岩沼市、刈田郡、柴田郡、伊具郡及び亘理郡,Southern Miyagi pref.,"Shiroishi city, Natori city, Kakuda city, Iwanuma city, Katta district, Shibata district, Igu district, and Watari district","préf. Miyagi, Sud","villes de Shiroishi, Natori, Kakuda et Iwanuma, districts de Katta, Shibata, Igu et Watari",미야기현 남부 ,,,,"pref. Miyagi, Sud","città di Shiroishi, Natori, Kakuda e Iwanuma, distretti di Katta, Shibata, Igu e Watari"
222,宮城県中部,仙台市、石巻市、塩竈市、多賀城市、東松島市、宮城郡、黒川郡及び牡鹿郡,Central Miyagi pref.,"Sendai city, Ishinomaki city, Shiogama city, Tagajo city, Higashimatsushima city Miyagi district, Kurokawa district, and Oshika district","préf. Miyagi, Centre","villes de Sendai, Ishinomaki, Shiogama, Tagajo et Higashimatsushima, districts de Kurokawa et Oshika",미야기현 중부 ,,,,"pref. Miyagi, Centro","città di Sendai, Ishinomaki, Shiogama, Tagajo e Higashimatsushima, distretti di Kurokawa e Oshika"
230,秋田県沿岸北部,能代市、男鹿市、潟上市、山本郡及び南秋田郡,Northern coast Akita pref.,"Noshiro city, Oga city, Katagami city, Yamamoto district, and Minamiakita district","préf. Akita, côte Nord","villes de Noshiro, Oga et Katagami, districts de Yamamoto et Minamiakita",아키타현 연안 북부 ,,,,"pref. Akita, costa Nord","città di Noshiro, Oga e Katagami, distretti di Yamamoto e Minamiakita"
231,秋田県沿岸南部,秋田市、由利本荘市及びにかほ市,Southern coast Akita pref.,"Akita city, Yurihonjo city, and Nikaho city","préf. Akita, côte Sud","villes de Akita, Yurihonjo et Nikaho",아키타현 연안 남부 ,,,,"pref. Akita, costa Sud","città di Akita, Yurihonjo e Nikaho"
232,秋田県内陸北部,大館市、鹿角市、北秋田市、鹿角郡及び北秋田郡,Northern inland Akita pref.,"Odate city, Kazuno city, Kitaakita city, Kazuno district, and Kitaakita district","préf. Akita, Nord","villes de Odate, Kazuno et Kitaakita, districts de Kazuno et Kitaakita",아키타현 내륙 북부 ,,,,"pref. Akita, Nord","città di Odate, Kazuno e Kitaakita, distretti di Kazuno e Kitaakita"
233,秋田県内陸南部,横手市、湯沢市、大仙市、仙北市、仙北郡及び雄勝郡,Southern inland Akita pref.,"Yokote city, Yuzawa city, Daisen city, Senboku city, Senboku district, and Ogachi district","préf. Akita, Sud","villes de Yokote, Yuzawa, Daisen et Senboku, districts de Senboku et Ogachi",아키타현 지중해 남부 ,,,,"pref. Akita, Sud","città di Yokote, Yuzawa, Daisen e Senboku, distretti di Senboku e Ogachi"
240,山形県庄内,鶴岡市、酒田市、東田川郡及び飽海郡,Shonai Yamagata pref.,"Tsuruoka city, Sakata city, Higashitagawa district, and Akumi district","préf. Yamagata, Shonai","villes de Tsuruoka et Sakata, districts de Higashitagawa et Akumi",야마가타 현 쇼나이 ,,,,"pref. Yamagata, Shonai","città di Tsuruoka e Sakata, distretti di Higashitagawa e Akumi"
241,山形県最上,新庄市及び最上郡,Mogami Yamagata pref.,Shinjo city and Mogami district,"préf. Yamagata, Mogami",ville de Shinjo et district de Mogami,야마 가타현 최대 ,,,,"pref. Yamagata, Mogami",città di Shinjo e distretto di Mogami
242,山形県村山,山形市、寒河江市、上山市、村山市、天童市、東根市、尾花沢市、東村山郡、西村山郡及び北村山郡,Murayama Yamagata pref.,"Yamagata city, Sagae city, Kaminoyama city, Murayama city, Tendo city, Higashine city, Obanazawa city, Higashimurayama district, Nishimurayama district, and Kitamurayama district","préf. Yamagata, Murayama","villes de Yamagata, Sagae, Kaminoyama, Murayama, Tendo, Higashine et Obanawaza, districts de Higashimurayama, Nishimurayama et Kitamurayama",야마가타 현 무라야마 ,,,,"pref. Yamagata, Murayama","città di Yamagata, Sagae, Kaminoyama, Murayama, Tendo, Higashine e Obanawaza, distretti di Higashimurayama, Nishimurayama e Kitamurayama"
243,山形県置賜,米沢市、長井市、南陽市、東置賜郡及び西置賜郡,Okitama Yamagata pref.,"Yonezawa city, Nagai city, Nanyo city, Higashiokitama district, and Nishiokitama district","préf. Yamagata, Okitama","villes de Yonezawa, Nagai et Nanyo, districts de Higashiokitama et Nishiokitama",야마가타 현 오키 타마 ,,,,"pref. Yamagata, Okitama","città di Yonezawa, Nagai e Nanyo, distretti di Higashiokitama e Nishiokitama"
250,福島県中通り,福島市、郡山市、白河市、須賀川市、二本松市、田村市、伊達市、本宮市、伊達郡、安達郡、岩瀬郡、西白河郡、東白川郡、石川郡及び田村郡,Nakadori Fukushima pref.,"Fukusima city, Koriyama city, Shirakawa city, Sukagawa city, nihonmatsu city, Tamura city, Date city, Motomiya city, Date district, Adachi district, Iwase district, Nishishirakawa district, Higashishirakawa district, Ishikawa district, and Tamura district","préf. Fukushima, Nakadori","villes de Fukushima, Koriyama, Shirakawa, Sukagawa, Nihonmatsu, Tamura, Date et Motomiya, districts de Data, Adachi, Iwase, Nishishirakawa, Higashishirakawa, Ishikawa et Tamura",후쿠시마현 복잡한 거리 ,,,,"pref. Fukushima, Nakadori","città di Fukushima, Koriyama, Shirakawa, Sukagawa, Nihonmatsu, Tamura, Date e Motomiya, distretti di Data, Adachi, Iwase, Nishishirakawa, Higashishirakawa, Ishikawa e Tamura"
251,福島県浜通り,いわき市、相馬市、南相馬市、双葉郡及び相馬郡,Hamadori Fukushima pref.,"Iwaki city, Souma city, Minamisouma city, Futaba district, and Souma district","préf. Fukushima, Hamadori","villes d'Iwaki, Sôma et Minamisôma, districts de Futaba et Sôma",후쿠시마현 바닷가 거리 ,,,,"pref. Fukushima, Hamadori","città d'Iwaki, Sôma e Minamisôma, distretti di Futaba e Sôma"
252,福島県会津,会津若松市、喜多方市、南会津郡、耶麻郡、河沼郡及び大沼郡,Aizu Fukushima pref.,"Aizuwakamatsu city, Kitakata city, Minamiaizu district, Yama district, Kawanuma district, and Onuma district","préf. Fukushima, Aizu","villes de Aizuwakamatsu et Kitakata, districts de Minamiaizu, Yama, Kawanuma et Onuma",후쿠시마현 아이즈 ,,,,"pref. Fukushima, Aizu","città di Aizuwakamatsu e Kitakata, distretti di Minamiaizu, Yama, Kawanuma e Onuma"
280,津軽海峡,,Tsugaru strait region,,détroit de Tsugaru,,쓰가루 해협 ,,,,stretto di Tsugaru,
281,山形県沖,,Off Yamagata pref.,,large de Yamagata,,야마가타 현 오키 ,,,,a largo di Yamagata,
282,秋田県沖,,Off Akita pref.,,large d'Akita,,아키타현 바다 ,,,,a largo di Akita,
283,青森県西方沖,,E off Aomori pref.,,E large d'Aomori,,아오모리현 서방 바다 ,,,,E a largo di Aomori,
284,陸奥湾,,Mutsu bay area,,baie de Mutsu,,무쓰 만 지역,,,,baia di Mutsu,
285,青森県東方沖,,E off Aomori pref.,,E large d'Aomori,,아오모리현 동방 바다 ,,,,E a largo di Aomori,
286,岩手県沖,,Off Iwate pref.,,large d'Iwate,,이와테현 연안 ,,,,a largo di Iwate,
287,宮城県沖,,Off Miyagi pref.,,large de Miyagi,,미야기현 앞바 다 ,,,,a largo di Miyagi,
288,三陸沖,,Off Sanriku,,large de Sanriku,,산리 쿠 ,,,,a largo di Sanriku,
289,福島県沖,,Off Fukushima pref.,,large de Fukushima,,후쿠시마현 앞바다,,,,a largo di Fukushima,
300,茨城県北部,水戸市、日立市、常陸太田市、高萩市、北茨城市、笠間市、ひたちなか市、常陸大宮市、那珂市、小美玉市、東茨城郡、那珂郡及び久慈郡,Northern Ibaraki pref.,"Mito city, Hitachi city, Hitachiota city, Takahagi city, Kitaibaraki city, Kasama city, Hitachinaka city, Hitachiomiya city, Naka city, Omitama city, Higashiibaraki city, Naka district, and Kuji district","préf. Ibaraki, Nord",,이바라키현 북부 ,,,,"pref. Ibaraki, Nord",
301,茨城県南部,土浦市、古河市、石岡市、結城市、龍ケ崎市、下妻市、常総市、取手市、牛久市、つくば市、鹿嶋市、潮来市、守谷市、筑西市、坂東市、稲敷市、かすみがうら市、桜川市、神栖市、行方市、鉾田市、つくばみらい市、稲敷郡、結城郡、猿島郡及び北相馬郡,Southern Ibaraki pref.,"Tsuchiura city, Koga city, Ishioka city, Yuki city, Ryugasaki city, Shimotsuma city, Joso city, Toride city, Ushiku city, Tsukuba city, Kashima city, Itako city, Moriya city, Chikusei city, Bando city, Inashiki city, Kasumigaura city, Sakuragawa city, Kamisu city, Namegata city, Hokota city, Tsukubamirai city, Inashiki district, Yuki district, Sashima district, and Kitasoma district","préf. Ibaraki, Sud","villes de Tsuchiura, Furukawa, Ishioka, Yûki, Ryûgasaki, Shimoduma, Tsunesô, Toride shi, Ushiku, Tsukuba, Kashima, Itako, Moriya, Chikusei, Bandô, Inashiki, Kasumigaura, Sakuragawa, Kamisu, Yukue, Hokoden et Tsukubamirai, districts de Inashiki, Yûki, Sashima et Kitasôma",이바라키현 남부 ,,,,"pref. Ibaraki, Sud","città di Tsuchiura, Furukawa, Ishioka, Yûki, Ryûgasaki, Shimoduma, Tsunesô, Toridi shi, Ushiku, Tsukuba, Kashima, Itako, Moriya, Chikusei, Bandô, Inashiki, Kasumigaura, Sakuragawa, Kamisu, Yukue, Hokodin e Tsukubamirai, distretti di Inashiki, Yûki, Sashima e Kitasôma"
309,千葉県南東沖,,SE off Chiba pref.,,SE large de Chiba,,치바현 남쪽 바다 ,,,,SE a largo di Chiba,
310,栃木県北部,日光市、大田原市、矢板市、那須塩原市、塩谷郡塩谷町及び那須郡那須町,Northern Tochigi pref.,"Nikko city, Otawara city, Yaita city, Nasushiobara city, Shioya in Shioya district, and Nasu in Nasu district","préf. Tochigi, Nord","viles de Nikkô, Ôtawara, Yaita et Nasushiobara, et villages de Shioya dans le district de Shioya et Nasu dans le district de Nasu",토치 기현 북부 ,,,,"pref. Tochigi, Nord","città di Nikkô, Ôtawara, Yaita e Nasushiobara, e villaggi di Shioya dentro il distretto di Shioya e Nasu dentro il distretto di Nasu"
311,栃木県南部,宇都宮市、足利市、栃木市、佐野市、鹿沼市、小山市、真岡市、さくら市、那須烏山市、下野市、河内郡、上都賀郡、芳賀郡、下都賀郡、塩谷郡高根沢町及び那須郡那珂川町,Southern Tochigi pref.,"Utsunomiya city, Ashikaga city, Tochigi city, Sano city, Kanuma city, Oyama city, Maoka city, Sakura city, Nasukarasuyama city, Shimotsuke city, Kawachi district, Kamitsuga district, Haga district, Shimotsuga district, Takanezawa in Shioya district, and Nakagawa in Nasu district","préf. Tochigi, Sud","villes de Utsunomiya, Ashikaga, Tochigi, Sano, Kanuma, Oyama, Shinoka, Sakura, Nasu-uzan et Shitano, districts de Kawachi, Kamitsuga, Haga gun et Shimotsuga, villages de Takanezawa dans le district de Shioya et Nakagawa dans le district de Nasu",토치 기현 남부 ,,,,"pref. Tochigi, Sud","città di Utsunomiya, Ashikaga, Tochigi, Sano, Kanuma, Oyama, Shinoka, Sakura, Nasu-uzan e Shitano, distretti di Kawachi, Kamitsuga, Haga gun e Shimotsuga, villaggi di Takanezawa dentro il distretto di Shioya e Nakagawa dentro il distretto di Nasu"
320,群馬県北部,沼田市、吾妻郡及び利根郡,Northern Gunma pref.,"Numata city, Agatsuma district, and Tone district","préf. Gunma, Nord",ville de Numata et districts de Azuma et Tone,군마현 북부 ,,,,"pref. Gunma, Nord",città di Numata e distretti di Azuma e Tone
321,群馬県南部,前橋市、高崎市、桐生市、伊勢崎市、太田市、館林市、渋川市、藤岡市、富岡市、安中市、みどり市、北群馬郡、多野郡、甘楽郡、佐波郡及び邑楽郡,Southern Gunma pref.,"Maebashi city, Takasaki city, Kiryu city, Isezaki city, Ota city, Tatebayashi city, Shibukawa city, Fujioka city, Tomioka city, Annaka city, Midori city, Kitagunma district, Tano district, Kanra district, Sawa district, and Ora district","préf. Gunma, Sud","villes de Maebashi, Takasaki, Kiryuu, Isezaki, Ôta, Tatebayashi, Shibukawa, Fujioka, Tomioka, Yasunaka et Midori, districts de Kitagunma, Tano, Kanra, Saba et Ôra",군마 현 남부 ,,,,"pref. Gunma, Sud","città di Maebashi, Takasaki, Kiryuu, Isezaki, Ôta, Tatebayashi, Shibukawa, Fujioka, Tomioka, Yasunaka e Midori, distretti di Kitagunma, Tano, Kanra, Saba e Ôra"
330,埼玉県北部,熊谷市、行田市、加須市、本庄市、東松山市、羽生市、鴻巣市、深谷市、久喜市、比企郡（川島町を除く。）、秩父郡東秩父村、児玉郡及び大里郡,Northern Saitama,"Kumagawa city, Gyoda city, Kazo city, Honjo city, Higashimatsuyama city, Hanyu city, Konosu city, Fukaya city, Kuki city, Hiki district (except Kawashima), Higashichichibu in Chichibu district, Kodama district, and Osato district","préf. Saitama, Nord","villes de Kumagaya, Gyôda, Kazo, Honjô, Higashimatsuyama, Habu, Kônosu, Fukaya et Kuki, districts de Hiki (excepté Kawashima), Kodama et Ôsato, village de Higashichichibu dans le district de Chichibu",사이 타마 현 북부 ,,,,"pref. Saitama, Nord","città di Kumagaya, Gyôda, Kazo, Honjô, Higashimatsuyama, Habu, Kônosu, Fukaya e Kuki, distretti di Hiki (eccetto Kawashima), Kodama e Ôsato, villaggio di Higashichichibu dentro il distretto di Chichibu"
331,埼玉県南部,さいたま市、川越市、川口市、所沢市、飯能市、春日部市、狭山市、上尾市、草加市、越谷市、蕨市、戸田市、入間市、鳩ケ谷市、朝霞市、志木市、和光市、新座市、桶川市、北本市、八潮市、富士見市、三郷市、蓮田市、坂戸市、幸手市、鶴ヶ島市、日高市、吉川市、ふじみ野市、北足立郡、入間郡、比企郡川島町、南埼玉郡及び北葛飾郡,Southern Saitama,"Saitama city, Kawagoe city, Kawaguchi city, Tokorozawa city, Hanno city, Kasukabe city, Sayama city, Ageo city, Soka city, Koshigaya city, Warabi city, Toda city, Iruma city, Hatogaya city, Asaka city, Shiki city, Wako city, Niiza city, Okegawa city, Kitamoto city, Yashio city, Fujimi city, Misato city, Hasuda city, Sakado city, Satte city, Tsurugashima city, Hidaka city, Yoshikawa city, Fujimino city, Kitaadachi district, Iruma district, Kawashima in Hiki district, Minamisaitama district, and Kitakatsushika district","préf. Saitama, Sud","villes de Saitama, Kawagoe, Kawaguchi, Tokorozawa, Hannô, Kasukabe, Sayama, Ageo, Sôka, Koshigaya, Warabi, Toda, Iruma, Hatogaya, Asaka, Shiki, Wakou, Niiza, Okegawa, Kitamoto, Yashio, Fujimi, Misato, Hasuda, Sakado, Satte, Tsurugashima, Hidaka, Yoshikawa et Fujimino, districts de Kitaadachi, Iruma, Minamisaitama et Kitakatsushika, village de Kawajima dans le district de Hiki",사이 타마현 남부 ,,,,"pref. Saitama, Sud","città di Saitama, Kawagoe, Kawaguchi, Tokorozawa, Hannô, Kasukabe, Sayama, Ageo, Sôka, Koshigaya, Warabi, Toda, Iruma, Hatogaya, Asaka, Shiki, Wakou, Niiza, Okegawa, Kitamoto, Yashio, Fujimi, Misato, Hasuda, Sakado, Satte, Tsurugashima, Hidaka, Yoshikawa e Fujimino, distretti di Kitaadachi, Iruma, Minamisaitama e Kitakatsushika, villaggio di Kawajima dentro il distretto di Hiki"
332,埼玉県秩父,秩父市及び秩父郡（東秩父村を除く。）,Chichibu Saitama pref.,Chichibu city and Chichibu district (except Higashichichibu),"préf. Saitama, Chichibu",ville de Chichibu et district de Chichibu (excepté Higashichichibu),사이 타마현 치치 ,,,,"pref. Saitama, Chichibu",città di Chichibu e distretto di Chichibu (eccetto Higashichichibu)
340,千葉県北東部,銚子市、茂原市、東金市、旭市、匝瑳市、香取市、山武市、香取郡、山武郡及び長生郡,NE Chiba pref.,"Choshi city, Mobara city, Togane city, Asahi city, Sosa city, Katori city, Sanmu city, Katori district, Sanmu district, and Chosei district","préf. Chiba, NE","Chôshi, Mohara, Higashikana, Asahi, Sôsa, Kandori et Sanbu, districts de Kandori, Sanbu et Chôsei",치바현 북동부 ,,,,"pref. Chiba, NE","Chôshi, Mohara, Higashikana, Asahi, Sôsa, Kandori e Sanbu, distretti di Kandori, Sanbu e Chôsei"
341,千葉県北西部,千葉市、市川市、船橋市、松戸市、野田市、成田市、佐倉市、習志野市、柏市、市原市、流山市、八千代市、我孫子市、鎌ヶ谷市、浦安市、四街道市、八街市、印西市、白井市、富里市及び印旛郡,NW Chiba pref.,"Chiba city, Ichikawa city, Funabashi city, Matsudo city, Noda city, Narita city, Sakura city, Narashino city, Kashiwa city, Ichihara city, Nagareyama city, Yachiyo city, Abiko city, Kamagaya city, Urayasu city, Yotsukaido city, Yachimata city, Inzai city, Shiroi city, Tomisato city, and Inba district","préf. Chiba, NW","villes de Chiba, Ichikawa, Funabashi, Matsudo, Noda, Narita, Sakura, Narashino, Kashiwa, Ichihara, Nagareyama, Yachiyo, Abiko, Kamagaya, Urayasu, Yotsukaidou, Yamachi, Inzai, Shirai et Fusato, district d'Inba",치바현 북서부 ,,,,"pref. Chiba, NW","città di Chiba, Ichikawa, Funabashi, Matsudo, Noda, Narita, Sakura, Narashino, Kashiwa, Ichihara, Nagareyama, Yachiyo, Abiko, Kamagaya, Urayasu, Yotsukaidou, Yamachi, Inzai, Shirai e Fusato, distretto d'Inba"
342,千葉県南部,館山市、木更津市、勝浦市、鴨川市、君津市、富津市、袖ヶ浦市、南房総市、いすみ市、夷隅郡及び安房郡,Southern Chiba pref.,"Tateyama city, Kisarazu city, Katsuura city, Kamogawa city, Kimitsu city, Tomitsu city, Futtsu city, Sodegaura city, Minamiboso city, Isumi city, Isumi district, and Awa district","préf. Chiba, Sud","villes de Tateyama, Kisaradu, Kachiura, Kamogawa, Kimitsu, Futtsu, Sodegaura, Minamibôsô et Isumi, districts d'Isumi et Awa",지바현 남부 ,,,,"pref. Chiba, Sud","città di Tateyama, Kisaradu, Kachiura, Kamogawa, Kimitsu, Futtsu, Sodigaura, Minamibôsô e Isumi, distretti d'Isumi e Awa"
349,房総半島南方沖,,S off Boso peninsula,,S large de Boso,,보소 반도 남쪽 바다 ,,,,S a largo di Boso,
350,東京都２３区,千代田区、中央区、港区、新宿区、文京区、台東区、墨田区、江東区、品川区、目黒区、大田区、世田谷区、渋谷区、中野区、杉並区、豊島区、北区、荒川区、板橋区、練馬区、足立区、葛飾区及び江戸川区,23 wards of Tokyo,"Chiyoda ward, Chuo ward, Minato ward, Shinjuku ward, Bunkyo ward, Taito ward, Sumida ward, Koto ward, Shinagawa ward, Meguro ward, Ota ward, Setagaya ward, Shibuya ward, Nakano ward, Suginami ward, Toshima ward, Kita ward, Arakawa ward, Itabashi ward, Nerima ward, Adachi ward, Katushika ward, and Edogawa ward","préf. Tokyo, 23 arr.","arrondissements de Chiyoda, Chuo, Minato, Shinjuku, Bunkyo, Taito, Sumida, Koto, Shinagawa, Meguro, Ota, Setagaya, Shibuya, Nakano, Suginami, Toshima, Kita, Arakawa, Itabashi, Nerima, Adachi, Katsushika et Edogawa",도쿄도 23 구 ,,,,"pref. Tokyo, 23 arr.","divisioni di Chiyoda, Chuo, Minato, Shinjuku, Bunkyo, Taito, Sumida, Koto, Shinagawa, Meguro, Ota, Seagaya, Shibuya, Nakano, Suginami, Toshima, Kita, Arakawa, Itabashi, Nerima, Adachi, Katsushika e Edogawa"
351,東京都多摩東部,八王子市、立川市、武蔵野市、三鷹市、府中市、昭島市、調布市、町田市、小金井市、小平市、日野市、東村山市、国分寺市、国立市、福生市、狛江市、東大和市、清瀬市、東久留米市、武蔵村山市、多摩市、稲城市、羽村市、西東京市及び西多摩郡瑞穂町,Eastern Tama Tokyo pref.,"Hachioji city, Tachikawa city, Musashino city, Mitaka city, Fuchu city, Akishima city, Chofu city, Machida city, Koganei city, Kodaira city, Hino city, Higashimurayama city, Kokubunji city, Kunitachi city, Fussa city, Komae city, Higashiyamato city, Kiyose city, Higashikurume city, Musashimurayama city, Tama city, Inagi city, Hamura city, Nishitokyo city, and Mizuho in Nishitama district","préf. Tokyo, Tama Est","villes de Hachiôji, Tatsukawa, Musashino, Mitaka, Fuchû, Akishima, Chôfu, Machida, Koganei, Kodaira, Hino, Higashimurayama, Kokubunji, Kokuritsu, Fussa, Komae, Higashiyamato, Kiyose, Higashikurume, Musashimurayama, Tama, Inagi, Hamura, Nishitôkyô, village de Mizuho dans le district de Nishitama",도쿄도 타마 동부 ,,,,"pref. Tokyo, Tama Est","città di Hachiôji, Tatsukawa, Musashino, Mitaka, Fuchû, Akishima, Chôfu, Machida, Koganei, Kodaira, Hino, Higashimurayama, Kokubunji, Kokuritsu, Fussa, Komae, Higashiyamato, Kiyose, Higashikurume, Musashimurayama, Tama, Inagi, Hamura, Nishitôkyô, villaggio di Mizuho dentro il distretto di Nishitama"
352,東京都多摩西部,青梅市、あきる野市及び西多摩郡（瑞穂町を除く。）,Western Tama Tokyo pref.,"Ome city, Akiruno city, and Nishitama district (except Mizuho)","préf. Tokyo, Tama Ouest","villes d'Ôme et Akiruno, district de Nishitama (excepté Mizuho)",도쿄도 타마 서쪽 ,,,,"pref. Tokyo, Tama Ovest","città d'Ôme e Akiruno, distretto di Nishitama (eccetto Mizuho)"
354,神津島,神津島村,Kamitsu island,Kozushima,île Kamitsu,village de Kôzushima,카미츠 섬,,,,isola Kamitsu,villaggio di Kôzushima
355,伊豆大島,大島町,Izuooshima island,Oshima,île Izuooshima,village d'Ôshima,이즈 오시마 ,,,,isola Izuooshima,villaggio d'Ôshima
356,新島,利島村及び新島村,Niijima island,Toshima and Niijima,île Niijima,villages de Toshima et Niijima,니이지마 ,,,,isola Niijima,villaggi di Toshima e Niijima
357,三宅島,三宅村及び御蔵島村,Miyakejima island,Miyake and Mikurajima,île Miyakejima,villages de Miyake et Mikurajima,미야케 지마 ,,,,isola Miyakejima,villaggi di Miyake e Mikurajima
358,八丈島,八丈町及び青ヶ島村,Hachijyojima island,Hachijo and Aogashima,île Hachijyojima,villages de Hachijou et Aogashima,하치 죠 지마 ,,,,isola Hachijyojima,villaggi di Hachijou e Aogashima
359,小笠原,小笠原村,Ogasawara,Ogasawara,Ogasawara,village d'Ogasawara,오가 사 와라 ,,,,Ogasawara,villaggio d'Ogasawara
360,神奈川県東部,横浜市、川崎市、横須賀市、平塚市、鎌倉市、藤沢市、茅ヶ崎市、逗子市、三浦市、大和市、海老名市、座間市、綾瀬市、三浦郡、高座郡及び中郡,Eastern Kanagawa pref.,"Yokohama city, Kawasaki city, Yokosuka city, Hiratsuka city, Kamakura city, Fujisawa city, Chigasaki city, Zushi city, Miura city, Yamato city, Ebina city, Zama city, Ayase city, Miura district, Koza district, and Naka district","préf. Kanagawa, Est","villes de Yokohama, Kawasaki, Yokosuka, Hiratsuka, Kamakura, Fujisawa, Chigasaki, Zushi, Miura, Yamato, Ebina, Zama et Ayase, districts de Miura, Kôza et Naka",가나 가와현 동부 ,,,,"pref. Kanagawa, Est","città di Yokohama, Kawasaki, Yokosuka, Hiratsuka, Kamakura, Fujisawa, Chigasaki, Zushi, Miura, Yamato, Ebina, Zama e Ayase, distretti di Miura, Kôza e Naka"
361,神奈川県西部,小田原市、相模原市、秦野市、厚木市、伊勢原市、南足柄市、足柄上郡、足柄下郡及び愛甲郡,Western Kanagawa pref.,"Odawara city, Sagamihara city, Hadano city, Atsugi city, Isehara city, Minamiashigara city, Ashigarakami district, Ashigarashimo district, and Aiko district","préf. Kanagawa, Ouest","villes d'Odawara, Sagamihara, Hadano, Atsugi, Isehara et Minamiashigara, districts d'Ashigarakami, Ashigarashimo et Aikô",카나 가와현 서부 ,,,,"pref. Kanagawa, Ovest","città d'Odawara, Sagamihara, Hadano, Atsugi, Isehara e Minamiashigara, distretti d'Ashigarakami, Ashigarashimo e Aikô"
370,新潟県上越,糸魚川市、妙高市及び上越市,Joetsu Niigata pref.,"Itoigawa city, Myoko city, and Joetsu city","préf. Niigata, Joetsu","villes de Itoigawa, Myôkô et Jôetsu",니이가타 현 조에쓰 ,,,,"pref. Niigata, Joesu","città di Itoigawa, Myôkô e Jôesu"
371,新潟県中越,長岡市、三条市、柏崎市、小千谷市、加茂市、十日町市、見附市、魚沼市、南魚沼市、南蒲原郡、三島郡、南魚沼郡、中魚沼郡及び刈羽郡,Chuetsu Niigata pref.,"Nagaoka city, Sanjo city, Kashiwazaki city, Ojiya city, Kamo city, Tokamachi city, Mitsuke city, Uonuma city, Minamiuonuma city, Minamikanbara district, Mishima district, Minamiuonuma district, Nakauonuma district, and Kariwa district","préf. Niigata, Chuetsu","villes de Nagaoka, Sanjô, Kashiwazaki, Ojiya, Kamo, Tôkamachi, Mitsuke, Uonuma, Minamiuonuma, districts de Minamikanbara, Mishima, Minamiuonuma, Nakauonuma et Kariwa",니가타현 나카 고 ,,,,"pref. Niigata, Chuesu","città di Nagaoka, Sanjô, Kashiwazaki, Ojiya, Kamo, Tôkamachi, Mitsuke, Uonuma, Minamiuonuma, distretti di Minamikanbara, Mishima, Minamiuonuma, Nakauonuma e Kariwa"
372,新潟県下越,新潟市、新発田市、村上市、燕市、五泉市、阿賀野市、胎内市、北蒲原郡、西蒲原郡、東蒲原郡及び岩船郡,Kaetsu Niigata pref.,"Niigata city, Shibata city, Murakami city, Tsubame city, Gosen city, Agano city, Tainai city, Kitakanbara district, Nishikanbara district, Higashikanbara district, and Iwafune district","préf. Niigata, Kaetsu","villes de Niigata, Shibata, Murakami, Tsubame, Gosen, Agano, Tainai, districts de Kitakanbara, Nishikanbara, Higashikanbara, Iwafune",니가타현 카에츠,,,,"pref. Niigata, Kaesu","città di Niigata, Shibata, Murakami, Tsubame, Gosen, Agano, Tainai, distretti di Kitakanbara, Nishikanbara, Higashikanbara, Iwafune"
375,新潟県佐渡,佐渡市,Sado Niigata pref.,Sado city,"préf. Niigata, Sado",ville de Sado,니가타현 사도 ,,,,"pref. Niigata, Sado",città di Sado
378,新潟県下越沖,,Off Kaetsu Niigata pref.,,"large de Niigata, Kaetsu",,니가타현 카에츠 바다 ,,,,"a largo di Niigata, Kaesu",
379,新潟県上中越沖,,Off Jouchuuetsu Niigata pref.,,"large de Niigata, Joetsu",,니가타현 주추우에츠 바다 ,,,,"a largo di Niigata, Joesu",
380,富山県東部,富山市、魚津市、滑川市、黒部市、中新川郡及び下新川郡,Eastern Toyama pref.,"Toyama city, Uozu city, Namerikawa city, Kurobe city, Nakaniikawa district, and Shimoniikawa district","préf. Toyama, Est","villes de Toyama, Uodu, Namerikawa et Kurobe, districts de Nakaniikawa et Shimoniikawa",도야마현 동부 ,,,,"pref. Toyama, Est","città di Toyama, Uodu, Namareikawa e Kurobe, distretti di Nakaniikawa e Shimoniikawa"
381,富山県西部,高岡市、氷見市、砺波市、小矢部市、南砺市及び射水市,Western Toyama pref.,"Takaoka city, Himi city, Tonami city, Oyabe city, Nanto city, and Imizu city","préf. Toyama, Ouest","villes de Takaoka, Himi, Tonami, Oyabe, Nanto et Imizu",토야마현 서부 ,,,,"pref. Toyama, Ovest","città di Takaoka, Himi, Tonami, Oyabe, Nanto e Imizu"
390,石川県能登,七尾市、輪島市、珠洲市、羽咋市、羽咋郡、鹿島郡及び鳳珠郡,Noto Ishikawa pref.,"Nanao city, Wajima city, Suzu city, Hakui city, Hakui district, Kashima district, and Hosu district","préf. Ishikawa, Noto","villes de Nanao, Wajima, Suzu, Hakui, districts de Hakui, Kashima et Hôsu",이시카와현 노토 ,,,,"pref. Ishikawa, Noto","città di Nanao, Wajima, Suzu, Hakui, distretti di Hakui, Kashima e Hôsu"
391,石川県加賀,金沢市、小松市、加賀市、かほく市、白山市、能美市、能美郡、石川郡及び河北郡,Kaga Ishikawa pref.,"Kanazawa city, Komatsu city, Kaga city, Kahoku city, Hakusan city, Nomi city, Nomi district, Ishikawa district, and Kahoku district","préf. Ishikawa, Kaga","villes de Kanazawa, Komatsu, Kaga, Kahoku, Hakusan, Nomi, districts de Nomi, Ishikawa, Kahoku",이시카와현 가가 ,,,,"pref. Ishikawa, Kaga","città di Kanazawa, Komatsu, Kaga, Kahoku, Hakusan, Nomi, distretti di Nomi, Ishikawa, Kahoku"
400,福井県嶺北,福井市、大野市、勝山市、鯖江市、あわら市、越前市、坂井市、吉田郡、今立郡、南条郡及び丹生郡,Reihoku Fukui pref.,"Fukui city, Ono city, Katsuyama city, Sabae city, Arawa city, Echizen city, Sakai city, Yoshida district, Imadate district, Nanjo district, and Nyu district","préf. Fukui, Reihoku","villes de Fukui, Ôno, Katsuyama, Sabae, Awara, Etsuzen et Sakai, districts de Yoshida, Imadachi, Minamijô et Nyû",후쿠이현 영남 북부 ,,,,"pref. Fukui, Reihoku","città di Fukui, Ôno, Katsuyama, Sabae, Awara, esuzen e Sakai, distretti di Yoshida, Imadachi, Minamijô e Nyû"
401,福井県嶺南,敦賀市、小浜市、三方郡、大飯郡及び三方上中郡,Reinan Fukui pref.,"Tsuruga city, Obama city, Mitaka district, Oi district, and Mitakakaminaka district","préf. Fukui, Reinan","villes de Tsuruga et Obama, districts de Mikata, Ôi, et Mikatakaminaka",후쿠이현 영남 ,,,,"pref. Fukui, Reinan","città di Tsuruga e Obama, distretti di Mikata, Ôi, e Mikatakaminaka"
411,山梨県中・西部,甲府市、山梨市、韮崎市、南アルプス市、北杜市、甲斐市、笛吹市、甲州市、中央市、西八代郡、南巨摩郡及び中巨摩郡,Mid-western Yamanashi pref.,"Kofu city, Yamanashi city, Nirasaki city, Minami alps city, Hokuto city, Kai city, Fuefuki city, Koshu city, Chuo city, Nishiyatsushiro city, Minamikoma district and Nakakoma district","préf. Yamanashi, Centre Ouest","villes de Kôfu, Yamanashi, Nirasaki, Minami-Alps, Kitamori, Kaino, Fuefuki, Kôshû et Chûô, districts de Nishiyatsushiro, Minamikoma et Nakakoma",야마나 시현에서 서쪽 ,,,,"pref. Yamanashi, Centro Ovest","città di Kôfu, Yamanashi, Nirasaki, Minami-Alps, Kitamori, Kaino, Fuefuki, Kôshû e Chûô, distretti di Nishiyatsushiro, Minamikoma e Nakakoma"
412,山梨県東部・富士五湖,富士吉田市、都留市、大月市、上野原市、南都留郡及び北都留郡,Eastern Yamanashi pref./Fuji five lakes,"Fujiyoshida city, Tsuru city, Otsuki city, Uenohara city, Minamitsuru district, and Kitatsuru district","préf. Yamanashi, Est et Lacs","villes de Fujiyoshida, Tsuru, Ōtsuki, Uenohara, districts de Minamitsuru et Kitatsuru",야마나시 현 동부/후지 호수 ,,,,"pref. Yamanashi, Est e Lacs","città di Fujiyoshida, Tsuru, Ōtsuki, Uenohara, distretti di Minamitsuru e Kitatsuru"
420,長野県北部,長野市、須坂市、中野市、大町市、飯山市、千曲市、北安曇郡、埴科郡、上高井郡、下高井郡、上水内郡及び下水内郡,Northern Nagano pref.,"Nagano city, Suzaka city, Nakano city, Omachi city, Iiyama city, Chikuma city, Kitaazumi district, Hanishina district, Kamitakai district, Shimotakai district, Kamiminochi district, and Shimominochi district","préf. Nagano, Nord","villes de Nagano, Suzaka, Nakano, Ōmachi, Īnoyama et Chikuma, districts de Kitaazumi, Hanishina, Kamitakai, Shimotakai, Kamiminochi et Shimominochi",나가노현 북부 ,,,,"pref. Nagano, Nord","città di Nagano, Suzaka, Nakano, Ōmachi, Īnoyama e Chikuma, distretti di Kitaazumi, Hanishina, Kamitakai, Shimotakai, Kamiminochi e Shimominochi"
421,長野県中部,松本市、上田市、岡谷市、諏訪市、小諸市、茅野市、塩尻市、佐久市、東御市、安曇野市、南佐久郡、北佐久郡、小県郡、諏訪郡及び東筑摩郡,Middle Nagano pref.,"Matsumoto city, Ueda city, Okaya city, Suwa city, Komoro city, Chino city, Shiojiri city, Saku city, Tomi city, Azumino city, Minamisaku district, Kitasaku district, Chiisagata district, Suwa district, and Higashichikuma district","préf. Nagano, Centre","villes de Matsumoto, Ueda, Okaya, Suwa, Komoro, Chino, Shiojiri, Saku, Tômi et Azumino, districts de Minamisaku, Kitasaku, Chīsagata, Suwa et Higashichikuma",나가노현 중부 ,,,,"pref. Nagano, Centro","città di Matsumoto, Ueda, Okaya, Suwa, Komoro, Chino, Shiojiri, Saku, Tômi e Azumino, distretti di Minamisaku, Kitasaku, Chīsagata, Suwa e Higashichikuma"
422,長野県南部,飯田市、伊那市、駒ヶ根市、上伊那郡、下伊那郡及び木曽郡,Southern Nagano pref.,"Iida city, Ina city, Komagane city, Kamiina district, Shimoina district, and Kiso district","préf. Nagano, Sud","villes de Īda, Ina et Komagane, districts de Kamiina,Shimoina et Kiso",나가노현 남부 ,,,,"pref. Nagano, Sud","città di Īda, Ina e Komagane, distretti di Kamiina,Shimoina e Kiso"
430,岐阜県飛騨,高山市、飛彈市、下呂市及び大野郡,Hida Gifu pref.,"Takayama city, Hida city, Gero city, and Ono district","préf. Gifu, Hida","villes de Takayama, Hida et Gero, district de Ōno",기후현 히다 ,,,,"pref. Gifu, Hida","città di Takayama, Hida e Gero, distretto di Ōno"
431,岐阜県美濃東部,多治見市、中津川市、瑞浪市、恵那市、美濃加茂市、土岐市、可児市、加茂郡及び可児郡,Eastern Mino Gifu pref.,"Tajimi city, Nakatsugawa city, Mizunami city, Ena city, Minokamo city, Toki city, Kani city, Kamo district, and Kani district","préf. Gifu, Mino Est","villes de Tajimi, Nakatsugawa, Mizunami, Ena, Minokamo, Toki et Kani, districts de Kamo et Kani",기후현 미노 동부 ,,,,"pref. Gifu, Mino Est","città di Tajimi, Nakatsugawa, Mizunami, Ena, Minokamo, Toki e Kani, distretti di Kamo e Kani"
432,岐阜県美濃中西部,岐阜市、大垣市、関市、美濃市、羽島市、各務原市、山県市、瑞穂市、本巣市、郡上市、海津市、羽島郡、養老郡、不破郡、安八郡、揖斐郡及び本巣郡,Mid-western Mino Gifu pref.,"Gifu city, Ogaki city, Seki city, Mino city, Hashima city, Kakamigahara city, Yamagata city, Mizuho city, Motosu city, Gujo city, Kaizu city, Hashima district, Yoro district, Fuwa district, Anpachi district, Ibi district, and Motosu district","préf. Gifu, Mino Centre Ouest","villes de Gifu, Ōgaki, Seki, Mino, Hashima, Kagamihara, Yamagata, Mizuho, Motosu, Kōrikami, Kaizu,  districts de Hashima, Yōrō, Fuwa, Anpachi, Ibi, et Motosu",기후현 미노 중서부 ,,,,"pref. Gifu, Mino Centro Ovest","città di Gifu, Ōgaki, Seki, Mino, Hashima, Kagamihara, Yamagata, Mizuho, Motosu, Kōrikami, Kaizu, distretti di Hashima, Yōrō, Fuwa, Anpachi, Ibi, e Motosu"
440,静岡県伊豆,熱海市、伊東市、下田市、伊豆市、伊豆の国市、賀茂郡及び田方郡,Izu Shizuoka pref.,"Atami city, Ito city, Shimoda city, Izu city, Izunokuni city, Kamo district, and Tagata district","préf. Shizuoka, Izu","villes d'Atami, Itō, Shimoda, Izu et Izunokuni, districts de Kamo et Tagata",시즈오카현 이즈 ,,,,"pref. Shizuoka, Izu","città d'Atami, Itō, Shimoda, Izu e Izunokuni, distretti di Kamo e Tagata"
441,静岡県東部,沼津市、三島市、富士宮市、富士市、御殿場市、裾野市及び駿東郡,Eastern Shizuoka pref.,"Numazu city, Mishima city, Fujinomiya city, Fuji city, Gotenba city, Susono city, and Sunto district","préf. Shizuoka, Est","villes de Numazu, Mishima, Fujinomiya, Fuji, Gotenba, Susono, district de Suntō",시즈오카현 동부 ,,,,"pref. Shizuoka, Est","città di Numazu, Mishima, Fujinomiya, Fuji, Gotenba, Susono, distretto di Suntō"
442,静岡県中部,静岡市、島田市、焼津市、藤枝市、牧之原市及び榛原郡,Central Shizuoka pref.,"Shizuoka city, Shimada city, Yaizu city, Fujieda city, Makinohara city, and Haibara district","préf. Shizuoka, Centre","villes de Shizuoka, Shimada, Yaizu, Fujieda et Makinohara, district de Haibara-gun",시즈오카현 중부 ,,,,"pref. Shizuoka, Centro","città di Shizuoka, Shimada, Yaizu, Fujieda e Makinohara, distretto di Haibara-gun"
443,静岡県西部,浜松市、磐田市、掛川市、袋井市、湖西市、御前崎市、菊川市及び周智郡,Western Shizuoka pref.,"Hamamatsu city, Iwata city, Kakegawa city, Fukuroi city, Kosai city, Omaezaki city, Kikukawa city, and Shuchi district","préf. Shizuoka, Ouest","villes de Hamamatsu, Iwata, Kakegawa, Fukuroi, Kosei, Omaezaki et Kikukawa, district de Shūchi",시즈오카 현 서부 ,,,,"pref. Shizuoka, Ovest","città di Hamamatsu, Iwata, Kakegawa, Fukuroi, Kosei, Omaezaki e Kikukawa, distretto di Shūchi"
450,愛知県東部,豊橋市、豊川市、蒲郡市、新城市、田原市及び北設楽郡,Eastern Aichi pref.,"Toyohashi city, Toyokawa city, Gamagori city, Shinshiro city, Tahara city, and Kitashitara district","préf. Aichi, Est","villes de Toyohashi, Toyokawa, Gamagōri, Shinjō et Tahara, district de Kitashitara",아이치현 동부 ,,,,"pref. Aichi, Est","città di Toyohashi, Toyokawa, Gamagōri, Shinjō e Tahara, distretto di Kitashitara"
451,愛知県西部,名古屋市、岡崎市、一宮市、瀬戸市、半田市、春日井市、津島市、碧南市、刈谷市、豊田市、安城市、西尾市、犬山市、常滑市、江南市、小牧市、稲沢市、東海市、大府市、知多市、知立市、尾張旭市、高浜市、岩倉市、豊明市、日進市、愛西市、清須市、北名古屋市、弥富市、みよし市、あま市、愛知郡、西春日井郡、丹羽郡、海部郡、知多郡、幡豆郡及び額田郡,Western Aichi pref.,"Nagoya city, Okazaki city, Ichinomiya city, Seto city, Handa city, Kasugai city, Tsushima city, Hekinan city, Kariya city, Toyota city, Anjo city, Nishio city, Inuyama city, Tokoname city, Konan city, Komaki city, Inazawa city, Tokai city, Obu city, Chita city, Chiryu city, Owariasahi city, Takahama city, Iwakura city, Toyoake city, Nisshin city, Aisai city, Kiyosu city, Kitanagoya city, Yatomi city, Miyoshi city, Ama city, Aichi district, Nishikasugai district, Niwa district, Ama district, Chita district, Hazu district, and Nukata district","préf. Aichi, Ouest","villes de Nagoya, Okazaki, Ichinomiya, Seto, Handa, Kasugai, Tsushima, Hekinan, Kariya, Toyoda, Aki, Nishio, Inuyama, Tokoname, Kōnan, Komagi, Inazawa, Tōkai, Ōbu, Chita, Chiryū, Owariasahi, Takahama, Iwakura, Toyoake, Nisshin, Aisai, Kiyosu, Kitanagoya, Yatomi, Miyoshi et Ama, districts d'Aichi, Nishikasugai, Niwa, Ama, Chita, Hazu et Nukata",아이치현 서부 ,,,,"pref. Aichi, Ovest","città di Nagoya, Okazaki, Ichinomiya, Seo, Handa, Kasugai, Tsushima, Hekinan, Kariya, Toyoda, Aki, Nishio, Inuyama, Tokoname, Kōnan, Komagi, Inazawa, Tōkai, Ōbu, Chita, Chiryū, Owariasahi, Takahama, Iwakura, Toyoake, Nisshin, Aisai, Kiyosu, Kitanagoya, Yatomi, Miyoshi e Ama, distretti d'Aichi, Nishikasugai, Niwa, Ama, Chita, Hazu e Nukata"
460,三重県北部,四日市市、桑名市、鈴鹿市、亀山市、いなべ市、桑名郡、員弁郡及び三重郡,Northern Mie pref.,"Yotsukaichi city, Kuwana city, Suzuka city, Kameyama city, Inabe city, Kuwana district, Inabe district, and Mie district","préf. Mie, Nord","villes de Yokkaichi, Kuwana, Suzuka, Kameyama et Inabe, districts de Kuwana, Inabe et Mie",미에현 북부 ,,,,"pref. Mie, Nord","città di Yokkaichi, Kuwana, Suzuka, Kameyama e Inabe, distretti di Kuwana, Inabe e Mie"
461,三重県中部,津市、松阪市、名張市、伊賀市及び多気郡（大台町を除く。）,Central Mie pref.,"Tsu city, Matsuzaka city, Nabari city, Iga city, and Taki district (except Odai)","préf. Mie, Centre","villes de Tsu, Matsusaka, Nabari et Iga, district de Taki (excepté Ōdaicho)",미에현 중부 ,,,,"pref. Mie, Centro","città di Tsu, Matsusaka, Nabari e Iga, distretto di Taki (eccetto Ōdaicho)"
462,三重県南部,伊勢市、尾鷲市、鳥羽市、熊野市、志摩市、多気郡大台町、度会郡、北牟婁郡及び南牟婁郡,Southern Mie pref.,"Ise city, Owase city, Toba city, Kumano city, Shima city, Odai in Taki district, Watarai district, Kitamuro district, and Minamimuro district","préf. Mie, Sud","villes d'Ise, Owase, Toppa, Kumano et Shima, village d'Odaicho dans le district de Taki, districts de Watarai, Kitamuro et Minamimuro",미에현 남부 ,,,,"pref. Mie, Sud","città d'Ise, Owase, Toppa, Kumano e Shima, villaggio d'Odaicho dentro il distretto di Taki, distretti di Watarai, Kitamuro e Minamimuro"
469,三重県南東沖,,SE off Mie pref.,,SE large de Mie,,미에현 남쪽 바다 ,,,,SE a largo di Mie,
471,茨城県沖,,Off Ibaraki pref.,,large d'Ibaraki,,이바라키현 바다 ,,,,a largo di Ibaraki,
472,関東東方沖,,Eastern off Kanto area,,E large de Kanto,,관동 동방 바다 ,,,,E a largo di Kanto,
473,千葉県東方沖,,E off Chiba pref.,,E large de Chiba,,치바현 동방 바다 ,,,,E a largo di Chiba,
475,八丈島東方沖,,E off Hachijojima island,,E large de Hachijojima,,하치 죠 지마 동방 바다 ,,,,E a largo di Hachijojima,
476,八丈島近海,,Near Hachijojima island,,près de Hachijojima,,하치 죠 지마 근해 ,,,,presso Hachijojima,
477,東京湾,,Tokyo bay region,,baie de Tokyo,,도쿄만 ,,,,baia di Tokyo,
478,相模湾,,Sagami bay region,,baie de Sagami,,사가미 만 ,,,,baia di Sagami,
480,伊豆大島近海,,Near Izu-oshima island,,près d'Izuoshima,,이즈 오시마 근해 ,,,,presso Izuoshima,
481,伊豆半島東方沖,,Eastern off Izu peninsula,,E large d'Izu,,이즈반도 동쪽 해안 ,,,,E a largo di Izu,
482,三宅島近海,,Near Miyakejima,,près de Miyakejima,,미야케 지마 근해 ,,,,presso Miyakejima,
483,新島・神津島近海,,Near Niijima & Kouzu-shima islands,,près de Niijima & Kouzu-shima,,니이지마 코즈시마 근해 ,,,,presso Niijima & Kouzu-shima,
485,駿河湾,,Suruga bay region,,baie de Suruga,,스루 ,,,,baia di Suruga,
486,駿河湾南方沖,,Southern off Suruga bay region,,S large de Suruga,,스루 남쪽 바다 ,,,,S a largo di Suruga,
487,遠州灘,,Ensyunada,,mer Enshu,,엔슈나다,,,,mare Enshu,
489,三河湾,,Mikawa bay region,,baie de Mikawa,,미카 ,,,,baia di Mikawa,
490,伊勢湾,,Ise bay region,,baie d'Ise,,이세 ,,,,baia d'Ise,
492,若狭湾,,Wakasa bay region,,baie de Wakasa,,와카 사 ,,,,baia di Wakasa,
493,福井県沖,,Off Fukui pref.,,large de Fukui,,후쿠이현 바다 ,,,,a largo di Fukui,
494,石川県西方沖,,Western off Ishikawa pref.,,O large d'Ishikawa,,이시카와현 서방 바다 ,,,,O a largo di Ishikawa,
495,能登半島沖,,Off Noto peninsula,,large de Noto,,노토 반도 앞바 다 ,,,,a largo di Noto,
497,富山湾,,Toyama bay region,,baie de Toyama,,토야마만 ,,,,baia di Toyama,
498,佐渡付近,,Near Sado,,près de Sado,,사도 부근 ,,,,presso Sado,
499,東海道南方沖,,Southern off Tokaido,,S large de Tokaido,,도카이도 남쪽 바다 ,,,,S a largo di Tokaido,
500,滋賀県北部,,Northern Shiga pref.,,"préf. Shiga, Nord",,시가현 북부 ,,,,"pref. Shiga, Nord",
501,滋賀県南部,大津市、近江八幡市、草津市、守山市、栗東市、甲賀市、野洲市、湖南市、東近江市及び蒲生郡,Southern Shiga pref.,"Otsu city, Omihachiman city, Kusatsu city, Moriyama city, Ritto city, Koga city, Yasu city, Konan city, Higashiomi city, and Gamo district","préf. Shiga, Sud","villes d'Ōtsu, Ōmihachiman, Kusatsu, Moriyama, Rittō, Kōga, Yasu, Konan et Higashiōmi, district de Gamō",시가현 남부 ,,,,"pref. Shiga, Sud","città d'Ōtsu, Ōmihachiman, Kusatsu, Moriyama, Rittō, Kōga, Yasu, Konan e Higashiōmi, distretto di Gamō"
510,京都府北部,福知山市、舞鶴市、綾部市、宮津市、京丹後市及び与謝郡,Northern Kyoto pref.,"Fukuchiyama city, Maizuru city, Ayabe city, Miyazu city, Kyotango city, and Yosa district","préf. Kyoto, Nord","villes de Fukuchiyama, Maizuru, Ayabe, Miyazu, Kyōtango, district de Yosa",교토부 북부 ,,,,"pref. Kyoto, Nord","città di Fukuchiyama, Maizuru, Ayabe, Miyazu, Kyōtango, distretto di Yosa"
511,京都府南部,京都市、宇治市、亀岡市、城陽市、向日市、長岡京市、八幡市、京田辺市、南丹市、木津川市、乙訓郡、久世郡、綴喜郡、相楽郡及び船井郡,Southern Kyoto pref.,"Kyoto city, Uji city, Kameoka city, Joyo city, Muko city, Nagaokakyo city, Hachiman city, Kyotanabe city, Nantan city, Kizugawa city, Otokuni district, Kuse district, Tuzuki district, Soraku district, and Funai district","préf. Kyoto, Sud","villes de Kyōto, Uji, Kameoka, Jōyō, Mukō, Nagaokakyō, Yahata, Kyōtanabe, Nantan et Kizugawa, districts d'Otokuni, Kuse, Tsuzuki, Sagara et Funai",교토부 남부 ,,,,"pref. Kyoto, Sud","città di Kyōto, Uji, Kameoka, Jōyō, Mukō, Nagaokakyō, Yahata, Kyōtanabe, Nantan e Kizugawa, distretti d'Otokuni, Kuse, Tsuzuki, Sagara e Funai"
520,大阪府北部,大阪市、豊中市、池田市、吹田市、高槻市、守口市、枚方市、茨木市、八尾市、寝屋川市、大東市、箕面市、柏原市、門真市、摂津市、東大阪市、四條畷市、交野市、三島郡及び豊能郡,Northern Osaka pref.,"Osaka city, Toyonaka city, Ikeda city, Suita city, Takatsuki city, Moriguchi city, Hirakata city, Ibaraki city, Yao city, Neyagawa city, Daito city, Mino city, Kashiwara city, Kadoma city, Settsu city, Higashiosaka city, Shijonawate city, Katano city, Mishima district, and Toyono district","préf. Osaka, Nord","villes d'Ōsaka, Toyonaka, Ikeda, Suita, Takatsuki, Moriguchi, Hirakata, Ibaragi, Yao, Neyagawa, Daitō, Minoo, Kashiwabara, Kadoma, Settsu, Higashiōsaka, Shijōnawate et Katano, districts de Mishima et Toyono",오사카부 북부 ,,,,"pref. Osaka, Nord","città d'Ōsaka, Toyonaka, Ikeda, Suita, Takatsuki, Moriguchi, Hirakata, Ibaragi, Yao, Neyagawa, Daitō, Minoo, Kashiwabara, Kadoma, Setsu, Higashiōsaka, Shijōnawate e Katano, distretti di Mishima e Toyono"
521,大阪府南部,堺市、岸和田市、泉大津市、貝塚市、泉佐野市、富田林市、河内長野市、松原市、和泉市、羽曳野市、高石市、藤井寺市、泉南市、大阪狭山市、阪南市、泉北郡、泉南郡及び南河内郡,Southern Osaka pref.,"Sakai city, Kishiwada city, Izumiotsu city, Kaizuka city, Izumisano city, Tondabayashi city, Kawachinagano city, Matsubara city, Izumi city, Habikino city, Takaishi city, Fujiidera city, Sennan city, Osakasayama city, Hannan city, Senhoku district Sennan district, and Minamikawachi district","préf. Osaka, Sud","villes de Sakai, Kishiwada, Izumiōtsu, Kaizuka, Izumisano, Tondabayashi, Kawachinagano, Matsubara, Izumi, Habikino, Takaishi, Fujiidera, Sennan, Ōsakasayama et Hannan, districts de Senboku, Sennan et Minamikawachi",오사카부 남부 ,,,,"pref. Osaka, Sud","città di Sakai, Kishiwada, Izumiōtsu, Kaizuka, Izumisano, Tondabayashi, Kawachinagano, Matsubara, Izumi, Habikino, Takaishi, Fujiidira, Sennan, Ōsakasayama e Hannan, distretti di Senboku, Sennan e Minamikawachi"
530,兵庫県北部,豊岡市、養父市、朝来市及び美方郡,Northern Hyogo pref.,"Toyooka city, Yabu city, Asago city, and Mikata district","préf. Hyogo, Nord","villes de Toyooka, Yabu et Asaku, district de Mikata",효고현 북부 ,,,,"pref. Hyogo, Nord","città di Toyooka, Yabu e Asaku, distretto di Mikata"
531,兵庫県南東部,神戸市、尼崎市、明石市、西宮市、芦屋市、伊丹市、加古川市、西脇市、宝塚市、三木市、高砂市、川西市、小野市、三田市、加西市、篠山市、丹波市、加東市、川辺郡、多可郡及び加古郡,SE Hyogho pref.,"Kobe city, Amagasaki city, Akashi city, Nishinomiya city, Ashiya city, Itami city, Kakogawa city, Nishiwaki city, Takarazuka city, Miki city, Takasago city, Kawanishi city, Ono city, Sanda city, Kasai city, Sasayama city, Tanba city, Kato city, Kawabe district, Taka district, and Kako district","préf. Hyogo, Sud Est","villes de Kōbe, Amagasaki, Akashi, Nishinomiya, Ashiya, Itami, Kakogawa, Nishiwaki, Takarazuka, Miki, Takasago, Kawanishi, Ono, Sanda, Kasai, Shinoyama, Tanba et Katō, districts de Kawabe, Taka et Kako",효고현 남동부 ,,,,"pref. Hyogo, Sud Est","città di Kōbe, Amagasaki, Akashi, Nishinomiya, Ashiya, Itami, Kakogawa, Nishiwaki, Takarazuka, Miki, Takasago, Kawanishi, Ono, Sanda, Kasai, Shinoyama, Tanba e Katō, distretti di Kawabe, Taka e Kako"
532,兵庫県南西部,姫路市、相生市、赤穂市、宍粟市、たつの市、神崎郡、揖保郡、赤穂郡及び佐用郡,SW Hyogo pref.,"Himeji city, Aioi city, Ako city, Shiso city, Tatsuno city, Kanzaki district, Ibo district, Ako district, and Sayo district","préf. Hyogo, Sud Ouest","villes de Himeji, Aioi, Akō, Shisawa et Tatsuno, districts de Kanzaki, Ibo, Akō et Sayō",효고현 남서부 ,,,,"pref. Hyogo, Sud Ovest","città di Himeji, Aioi, Akō, Shisawa e Tatsuno, distretti di Kanzaki, Ibo, Akō e Sayō"
535,兵庫県淡路島,洲本市、南あわじ市及び淡路市,Awajishima island Hyogo pref.,"Sumoto city, Minamiawaji city, and Awaji city","préf. Hyogo, Awajishima","villes de Sumoto, Minamiawaji et Awaji",효고현 아와지시마 ,,,,"pref. Hyogo, Awajishima","città di Sumoto, Minamiawaji e Awaji"
540,奈良県,奈良市、大和高田市、大和郡山市、天理市、橿原市、桜井市、五條市、御所市、生駒市、香芝市、葛城市、宇陀市、山辺郡、生駒郡、磯城郡、宇陀郡、高市郡、北葛城郡及び吉野郡,Nara pref.,"Nara city, Yamatotakada city, Yamatokoriyama city, Tenri city, Kashihara city, Sakurai city, Gojo city, Gosho city, Ikoma city, Kashiba city, Katsuragi city, Uda city, Yamabe district, Ikoma district, Shiki district, Uda district, Takaichi district, Kitakatsuragi district, and Yoshino district",préf. Nara,"villes de Nara, Yamatotakada, Yamatokōriyama, Tenri, Kashihara, Sakurai, Gojō, Gose, Ikoma, Kashiba, Katsuragi et Uda, districts de Yamabe, Ikoma, Shiki, Uda, Takaichi, Kitakatsuragi et Yoshino",나라현 ,,,,pref. Nara,"città di Nara, Yamatotakada, Yamatokōriyama, Tenri, Kashihara, Sakurai, Gojō, Gose, Ikoma, Kashiba, Katsuragi e Uda, distretti di Yamabe, Ikoma, Shiki, Uda, Takaichi, Kitakatsuragi e Yoshino"
550,和歌山県北部,和歌山市、海南市、橋本市、有田市、御坊市、紀の川市、岩出市、海草郡、伊都郡、有田郡及び日高郡,Northern Wakayama pref.,"Wakayama city, Kainan city, Hashimoto city, Arida city, Gobo city, Kinokawa city, Iwade city, Kaiso district, Ito district, Arida district, and Hidaka district","préf. Wakayama, Nord","villes de Wakayama, Kainan, Hashimoto, Arida, Gobō, Kinokawa et Iwade, districts de Kaisō, Ito, Arida et Hidaka",와카야마 현 북부 ,,,,"pref. Wakayama, Nord","città di Wakayama, Kainan, Hashimoto, Arida, Gobō, Kinokawa e Iwadi, distretti di Kaisō, Ito, Arida e Hidaka"
551,和歌山県南部,田辺市、新宮市、西牟婁郡及び東牟婁郡,Southern Wakayama pref.,"Tanabe city, Shingu city, Nishimuro district, and Higashimuro district","préf. Wakayama, Sud","villes de Tanabe et Shingū, districts de Nishimuro et Higashimuro",와카야마현 남부 ,,,,"pref. Wakayama, Sud","città di Tanabe e Shingū, distretti di Nishimuro e Higashimuro"
560,鳥取県東部,鳥取市、岩美郡及び八頭郡,Eastern Tottori pref.,"Tottori city, Iwami district, and Yazu district","préf. Tottori, Est","ville de Tottori, districts d'Iwami et Yazu",돗토리현 동부 ,,,,"pref. Tottori, Est","città di Tottori, distretti d'Iwami e Yazu"
562,鳥取県中部,倉吉市及び東伯郡,Central Tottori pref.,"Kurayoshi city, and Tohaku district","préf. Tottori, Centre",ville de Kurayoshi et district de Tōhaku,돗토리현 중부 ,,,,"pref. Tottori, Centro",città di Kurayoshi e distretto di Tōhaku
563,鳥取県西部,米子市、境港市、西伯郡及び日野郡,Western Tottori pref.,"Yonago city, Sakaiminato city, Saihaku district, and Hino district","préf. Tottori, Ouest","villes de Yonago et Sakaiminato, districts de Saihaku et Hino",돗토리현 서쪽 ,,,,"pref. Tottori, Ovest","città di Yonago e Sakaiminato, distretti di Saihaku e Hino"
570,島根県東部,松江市、出雲市、安来市、雲南市、八束郡、仁多郡、飯石郡及び簸川郡,Eastern Shimane pref.,"Matsue city, Izumo city, Yasugi city, Unnan city, Yatsuka district, Nita district, Iishi district, and Hikawa district","préf. Shimane, Est","villes de Matsue, Izumo, Yasugi et Unnan, districts de Yatsuka, Nita, Iishi-gun et Hikawa-gun",시마네현 동부 ,,,,"pref. Shimane, Est","città di Matsue, Izumo, Yasugi e Unnan, distretti di Yatsuka, Nita, Iishi-gun e Hikawa-gun"
571,島根県西部,浜田市、益田市、大田市、江津市、邑智郡及び鹿足郡,Western Shimane pref.,"Hamada city, Masuda city, Oda city, Gotsu city, Ochi district, and Kanoashi district","préf. Shimane, Ouest","villes de Hamada, Masuda, Ōda et Gōtsu, districts d'Ōchi et Kanoashi",시마네현 서쪽 ,,,,"pref. Shimane, Ovest","città di Hamada, Masuda, Ōda e Gōtsu, distretti d'Ōchi e Kanoashi"
575,島根県隠岐,隠岐郡,Oki Shimane pref.,Oki district,"préf. Shimane, Oki",district d'Oki,시마네현 오키 ,,,,"pref. Shimane, Oki",distretto d'Oki
580,岡山県北部,津山市、新見市、真庭市、美作市、真庭郡、苫田郡、勝田郡、英田郡及び久米郡,Northern Okayama pref.,"Tsuyama city, Niimi city, Maniwa city, Mimasaka city, Maniwa district, Tomata district, Katsuta district, Aida district, and Kume district","préf. Okayama, Nord","villes de Tsuyama, Nīmi, Maniwa et Misaku, districts de Maniwa, Tomata, Katsuta, Aida et Kume",오카야마현 북부 ,,,,"pref. Okayama, Nord","città di Tsuyama, Nīmi, Maniwa e Misaku, distretti di Maniwa, Tomata, Katsuta, Aida e Kume"
581,岡山県南部,岡山市、倉敷市、玉野市、笠岡市、井原市、総社市、高梁市、備前市、瀬戸内市、赤磐市、浅口市、和気郡、都窪郡、浅口郡、小田郡及び加賀郡,Southern Okayama pref.,"Okayama city, Kurashiki city, Tamano city, Kasaoka city, Ibara city, Soja city, Takahashi city, Bizen city, Setouchi city, Akaiwa city, Asakuchi city, Wake district, Tsukubo district, Asakuchi district, Oda district, and Kaga district","préf. Okayama, Sud","villes d'Okayama, Kurashiki, Tamano, Kasaoka, Ihara, Sōsha, Takahashi, Bizen, Setouchi, Akaiwa et Asakuchi, districts de Waki, Tsukubo, Asakuchi, Oda et Kaga",오카야마현 남부 ,,,,"pref. Okayama, Sud","città d'Okayama, Kurashiki, Tamano, Kasaoka, Ihara, Sōsha, Takahashi, Bizen, Seouchi, Akaiwa e Asakuchi, distretti di Waki, Tsukubo, Asakuchi, Oda e Kaga"
590,広島県北部,三次市、庄原市、安芸高田市及び山県郡,Northern Hiroshima pref.,"Miyoshi city, Shobara city, Akitakata city, and Yamagata district","préf. Hiroshima, Nord","villes de Miyoshi, Shōbara et Akitakata, district de Yamagata",히로시마 현 북부 ,,,,"pref. Hiroshima, Nord","città di Miyoshi, Shōbara e Akitakata, distretto di Yamagata"
591,広島県南東部,三原市、尾道市、福山市、府中市、世羅郡及び神石郡,SE Hiroshima pref.,"Mihara city, Onomichi city, Fukuyama city, Fuchu city, Sera district, and Jinseki district","préf. Hiroshima, Sud Est","villes de Mihara, Onomichi, Fukuyama et Fuchū, districts de Sera et Jinseki",히로시마현 동남부 ,,,,"pref. Hiroshima, Sud Est","città di Mihara, Onomichi, Fukuyama e Fuchū, distretti di Sera e Jinseki"
592,広島県南西部,広島市、呉市、竹原市、大竹市、東広島市、廿日市市、江田島市、安芸郡及び豊田郡,SW Hiroshima pref.,"Hiroshima city, Kure city, Takehara city, Otake city, Higashihiroshima city, Hatsukaichi city, Edajima city, Aki district, and Toyota district","préf. Hiroshima, Sud Ouest","villes de Hiroshima, Kure, Takehara, Ōtake, Higashihiroshima, Hatsukaichi et Etajima, districts d'Aki et Toyoda",히로시마현 남서부 ,,,,"pref. Hiroshima, Sud Ovest","città di Hiroshima, Kure, Takehara, Ōtake, Higashihiroshima, Hatsukaichi e eajima, distretti d'Aki e Toyoda"
600,徳島県北部,徳島市、鳴門市、小松島市、吉野川市、阿波市、美馬市、三好市、名東郡、名西郡、板野郡、美馬郡及び三好郡,Northern Tokushima pref.,"Tokushima city, Naruto city, Komatsushima city, Yoshinogawa city, Awa city, Mima city, Miyoshi city, Myodo district, Myozai district, Itano district, Mima district, and Miyoshi district","préf. Tokushima, Nord","villes de Tokushima, Naruto, Komatsushima, Yoshinogawa, Awa, Mima et Miyoshi, districts de Myodō, Myozai, Itano, Mima, et Miyoshi",도쿠시마 현 북부 ,,,,"pref. Tokushima, Nord","città di Tokushima, Naruto, Komatsushima, Yoshinogawa, Awa, Mima e Miyoshi, distretti di Myodō, Myozai, Itano, Mima, e Miyoshi"
601,徳島県南部,阿南市、勝浦郡、那賀郡及び海部郡,Southern Tokushima pref.,"Anan city, Katsuura city, Naka district, and Kaifu district","préf. Tokushima, Sud","ville d'Anan, districts de Kachiura, Naka et Kaifu",도쿠시마 현 남부 ,,,,"pref. Tokushima, Sud","città d'Anan, distretti di Kachiura, Naka e Kaifu"
610,香川県東部,高松市、さぬき市、東かがわ市、小豆郡、木田郡及び香川郡,Eastern Kagawa pref.,"Takamatsu city, Sanuki city, Higashikagawa city, Shozu city, Kida district, and Kagawa district","préf. Kagawa, Est","villes de Takamatsu, Sanuki et Higashikagawa, districts de Shōzu, Kida, et Kagawa",카가와현 동부 ,,,,"pref. Kagawa, Est","città di Takamatsu, Sanuki e Higashikagawa, distretti di Shōzu, Kida, e Kagawa"
611,香川県西部,丸亀市、坂出市、善通寺市、観音寺市、三豊市、綾歌郡及び仲多度郡,Western Kagawa pref.,"Marugame city, Sakaide city, Zentsuji city, Kannonji city, Mitoyo city, Ayauta district, and Nakatado district","préf. Kagawa, Ouest","villes de Marugame, Sakaide, Zentsūji, Kanonji et Mitoyo, districts d'Ayauta et Nakatado",카가와현 서쪽 ,,,,"pref. Kagawa, Ovest","città di Marugame, Sakaidi, Zentsūji, Kanonji e Mitoyo, distretti d'Ayauta e Nakatado"
620,愛媛県東予,今治市、新居浜市、西条市、四国中央市及び越智郡,Toyo Aichi pref.,"Imabari city, Niihama city, Saijo city, Shikokuchuo city, and Ochi district","préf. Aichi, Toyo","villes d'Imabari, Niihama, Saijō et Shikokuchūō, district d'Ochi",에히메현 도요 ,,,,"pref. Aichi, Toyo","città d'Imabari, Niihama, Saijō e Shikokuchūō, distretto d'Ochi"
621,愛媛県中予,松山市、伊予市、東温市、上浮穴郡及び伊予郡,Chuyo Aichi pref.,"Matsuyama city, Iyo city, Toon city, Kamiukena district, and Iyo district","préf. Aichi, Chuyo","villes de Matsuyama, Iyo et Tôon, districts de Kamiukena et Iyo",에히메현 사이 예약 ,,,,"pref. Aichi, Chuyo","città di Matsuyama, Iyo e Tôon, distretti di Kamiukena e Iyo"
622,愛媛県南予,宇和島市、八幡浜市、大洲市、西予市、喜多郡、西宇和郡、北宇和郡及び南宇和郡,Nanyo Aichi pref.,"Uwajima city, Yawatahama city, Osu city, Seiyo city, Kita district, Nishiuwa district, Kitauwa district, and Minamiuwa district","préf. Aichi, Nanyo","villes d'Uwajima, Yawatahama, Ōsu et Seiyo, districts de Kita, Nishiuwa, Kitauwa et Minamiuwa",에히메현 남쪽 예약 ,,,,"pref. Aichi, Nanyo","città d'Uwajima, Yawatahama, Ōsu e Seiyo, distretti di Kita, Nishiuwa, Kitauwa e Minamiuwa"
630,高知県東部,室戸市、安芸市及び安芸郡,Eastern Kouchi pref.,"Muroto city, Aki city, and Aki district","préf. Kôchi, Est","villes de Muroto et Aki, district d'Aki",고치현 동부 ,,,,"pref. Kôchi, Est","città di Muroto e Aki, distretto d'Aki"
631,高知県中部,高知市、南国市、土佐市、須崎市、香南市、香美市、長岡郡、土佐郡、吾川郡及び高岡郡（佐川町、越知町及び日高村に限る。）,Central Kouchi pref.,"Kochi city, Nangoku city, Tosa city, Susaki city, Konan city, Kami city, Nagaoka district, Tosa district, Agawa district, and Takaoka district (limited to Sagawa, Ochi, and Hidaka)","préf. Kôchi, Centre","villes de Kōchi, Nankoku, Tosa, Susaki, Kōnan et Kagami, districts de Nagaoka, Tosa, Agawa et Takaoka (restreint à Sagawa, Ochi et Hidaka)",고치현 중부 ,,,,"pref. Kôchi, Centro","città di Kōchi, Nankoku, Tosa, Susaki, Kōnan e Kagami, distretti di Nagaoka, Tosa, Agawa e Takaoka (limitato a Sagawa, Ochi e Hidaka)"
632,高知県西部,宿毛市、土佐清水市、四万十市、高岡郡（高知県中部の区域を除く。）及び幡多郡,Western Kouchi pref.,"Sukumo city, Tosashimizu city, Shimanto city, Takaoka district (except central Kochi pref.), and Hata district","préf. Kôchi, Ouest","villes de Sukumo, Tosashimizu et Shimanto, districts de Takaoka (exceptée la zone Kôchi centre) et Hata",고치현 서부 ,,,,"pref. Kôchi, Ovest","città di Sukumo, Tosashimizu e Shimanto, distretti di Takaoka (eccetto la area di Kôchi Centro) e Hata"
673,土佐湾,,Tosa bay region,,baie de Tosa,,토사 만 지역 ,,,,baia di Tosa,
674,紀伊水道,,Kii channel,,canal Kii,,기이 수도 ,,,,canale Kii,
675,大阪湾,,Osaka bay region,,baie d'Osaka,,오사카 만 ,,,,baia d'Osaka,
676,播磨灘,,Harimanada setonaikai,,mer Harami,,하리마나다 세토나이카이 ,,,,mare Harami,
677,瀬戸内海中部,,Central Setonaikai,,mer intérieure centrale,,세토 나이 카이 중부 ,,,,mare interiore centrale,
678,安芸灘,,Akinada setonaikai,,"mer intérieure, Aki",,아키나다 세토나이카이,,,,"mare interiore, Aki",
679,周防灘,,Suonada setonaikai,,"mer intérieure, Suo",,수오나다 세토나이카이,,,,"mare interiore, Suo",
680,伊予灘,,Iyonada setonaikai,,"mer intérieure, Iyo",,리오나다 세토나이카이,,,,"mare interiore, Iyo",
681,豊後水道,,Bungo channel,,canal Bungo,,분고 수도 ,,,,canale Bungo,
682,山口県北西沖,,NW off Yamaguchi pref.,,NO large de Yamaguchi,,야마 구치현 북서부 해안 ,,,,NO a largo di Yamaguchi,
683,島根県沖,,Off Shimane pref.,,large de Shimane,,시마네현 오키 ,,,,a largo di Shimane,
684,鳥取県沖,,Off Tottori pref.,,large de Tottori,,돗토리현 바다 ,,,,a largo di Tottori,
685,隠岐島近海,,Okinoshima island region,,près d'Okinoshima,,오키 근해 ,,,,presso Okinoshima,
686,兵庫県北方沖,,Northern off Hyogo pref.,,N large de Hyogo,,효고현 북쪽 바다 ,,,,N a largo di Hyogo,
687,京都府沖,,Off Kyoto pref.,,large de Kyoto,,교토부 바다 ,,,,a largo di Kyoto,
688,淡路島付近,,Awaji area,,vers Awaji,,아와지시마 부근 ,,,,area di Awaji,
689,和歌山県南方沖,,Southern off Wakayama area,,S large de Wakayama,,와카야마현 남쪽 바다 ,,,,S a largo di Wakayama,
700,山口県北部,萩市、長門市、美祢市及び阿武郡,Northern Yamaguchi pref.,"Hagi city, Nagato city, Mine city, and Abu district","préf. Yamaguchi, Nord","villes de Hagi, Nagato et Mine, district d'Abu",야마 구치 현 북부 ,,,,"pref. Yamaguchi, Nord","città di Hagi, Nagato e Mine, distretto d'Abu"
702,山口県西部,下関市、宇部市及び山陽小野田市,Western Yamaguchi pref.,"Shimonoseki city, Ube city, and Sanyoonoda city","préf. Yamaguchi, Ouest","villes de Shimonoseki, Ube et Sanyōonoda",야마 구치 현 서부 ,,,,"pref. Yamaguchi, Ovest","città di Shimonoseki, Ube e Sanyōonoda"
703,山口県東部,岩国市、光市、柳井市、大島郡、玖珂郡及び熊毛郡,Eastern Yamaguchi pref.,"Iwakuni city, Hikari city, Yanai city, Oshima district, Kuga district, and Kumage district","préf. Yamaguchi, Est","villes d'Iwakuni, Hikari et Yanai, districts d'Ōshima, Kuga et Kumage",야마 구치현 동부 ,,,,"pref. Yamaguchi, Est","città d'Iwakuni, Hikari e Yanai, distretti d'Ōshima, Kuga e Kumage"
704,山口県中部,山口市、防府市、下松市、周南市,Central Yamaguchi pref.,"Yamaguchi city, Hofu city, Kudamatsu city, and Shunan city","préf. Yamaguchi, Centre","villes de Yamaguchi, Hōfu, Kudamatsu et Shūnan",야마 구치현 중부 ,,,,"pref. Yamaguchi, Centro","città di Yamaguchi, Hōfu, Kudamatsu e Shūnan"
710,福岡県福岡,福岡市、筑紫野市、春日市、大野城市、宗像市、太宰府市、古賀市、福津市、糸島市、筑紫郡及び糟屋郡,Fukuoka area Fukuoka pref.,"Fukuoka city, Chikushino city, Kasuga city, Onojo city, Munakata city, Dazaifu city, Koga city, Fukutsu city, Itoshima city, Chikushi district, and Kasuya district","préf. Fukuoka, Fukuoka","villes de Fukuoka, Chikushino, Kasuga, Ōnojō, Munakata, Dazaifu, Koga, Fukutsu et Itoshima, districts de Tsukushi et Kasuya",후쿠오카 ,,,,"pref. Fukuoka, Fukuoka","città di Fukuoka, Chikushino, Kasuga, Ōnojō, Munakata, Dazaifu, Koga, Fukutsu e Itoshima, distretti di Tsukushi e Kasuya"
711,福岡県北九州,福岡県北九州,Kitakyushu Fukuoka pref.,Kitakyushu,"préf. Fukuoka, Kitakyushu",ville de Kitakyushu,후쿠오카현 키타큐슈 ,,,,"pref. Fukuoka, Kitakyushu",città di Kitakyushu
712,福岡県筑豊,直方市、飯塚市、田川市、宮若市、嘉麻市、鞍手郡、嘉穂郡及び田川郡,Chikuho Fukuoka pref.,"Nogata city, Iizuka city, Tagawa city, Miyawaka city, Kama city, Kurate district, Kaho district, and Tagawa district","préf. Fukuoka, Chikuho","villes de Nōgata, Īzuka, Tagawa, Miyawakaichi, et Kama, districts de Kurate, Kaho et Tagawa",후쿠오카현 지쿠호 ,,,,"pref. Fukuoka, Chikuho","città di Nōgata, Īzuka, Tagawa, Miyawakaichi, e Kama, distretti di Kurate, Kaho e Tagawa"
713,福岡県筑後,大牟田市、久留米市、柳川市、八女市、筑後市、大川市、小郡市、うきは市、朝倉市、みやま市、朝倉郡、三井郡、三潴郡及び八女郡,Chikugo Fukuoka pref.,"Omuta city, Kurume city, Yanagawa city, Yame city, Chikugo city, Okawa city, Ogori city, Ukiha city, Asakura city, Miyama city, Asakura district, Mii district, Mizuma district, and Yame district","préf. Fukuoka, Chikugo","villes d'Ōmuta, Kurume, Yanaigo, Yame, Chikugo, Ōkawa, Ogōri, Ukiha, Asakura et Miyama, districts de Asakura, Mitsui, Mizuma et Yame",후쿠오카현 지쿠고 ,,,,"pref. Fukuoka, Chikugo","città d'Ōmuta, Kurume, Yanaigo, Yame, Chikugo, Ōkawa, Ogōri, Ukiha, Asakura e Miyama, distretti di Asakura, Mitsui, Mizuma e Yame"
720,佐賀県北部,唐津市、伊万里市、東松浦郡及び西松浦郡,Northern Saga pref.,"Karatsu city, Imari city, Higashimatsuura district, and Nishimatsuura district","préf. Saga, Nord","villes de Karatsu et Imari, districts de Higashimatsuura et Nishimatsuura",사가현 북부 ,,,,"pref. Saga, Nord","città di Karatsu e Imari, distretti di Higashimatsuura e Nishimatsuura"
721,佐賀県南部,佐賀市、鳥栖市、多久市、武雄市、鹿島市、小城市、嬉野市、神埼市、神埼郡、三養基郡、杵島郡及び藤津郡,Southern Yamaguchi pref.,"Saga city, Tosu city, Taku city, Takeo city, Kashima city, Ogi city, Ureshino city, Kanzaki city, Kanzaki district, Miyaki district, Kishima district, and Fujitsu district","préf. Yamaguchi, Sud","villes de Saga, Tosu, Taku, Takeo, Kashima, Ogi, Ureshino et Kanzaki, districts de Kanzaki, Miyaki, Kishima et Fujitsu",사가현 남부 ,,,,"pref. Yamaguchi, Sud","città di Saga, Tosu, Taku, Takeo, Kashima, Ogi, Ureshino e Kanzaki, distretti di Kanzaki, Miyaki, Kishima e Fujitsu"
730,長崎県北部,佐世保市（宇久町を除く。）、平戸市、松浦市、東彼杵郡及び北松浦郡（小値賀町を除く。）,Northern Nagasaki pref.,"Sasebo city (except Uku), Hirado city, Matsuura city, Higashisonogi district, and Kitamatsuura district (except Ojika)","préf. Nagasaki, Nord","villes de Sasebo (excepté le quartier d'Uku), Hirado et Matsuura, districts de Higashisonogi et Kitamatsuura-gun (excepté le village d'Ojika)",나가사키현 북부 ,,,,"pref. Nagasaki, Nord","città di Sasebo (eccetto il quartier d'Uku), Hirado e Matsuura, distretti di Higashisonogi e Kitamatsuura-gun (eccetto il villaggio d'Ojika)"
731,長崎県南西部,長崎市、諫早市、大村市、西海市及び西彼杵郡,SE Nagasaki pref.,"Nagasaki city, Isahaya city, Omura city, Saikai city, and Nishisonogi district","préf. Nagasaki, Sud Est","villes de Nagasaki, Isahaya, Ōmura et Saikai, district de Nishisonoki",나가사키현 남서부 ,,,,"pref. Nagasaki, Sud Est","città di Nagasaki, Isahaya, Ōmura e Saikai, distretto di Nishisonoki"
732,長崎県島原半島,島原市、雲仙市及び南島原市,Shimabara peninsula Nagasaki pref.,"Shimaba city, Unzen city, Minamishimabara city","préf. Nagasaki, Shimabara","villes de Shimabara, Unzen et Minamishimabara",나가사키현 시마바라 반도 ,,,,"pref. Nagasaki, Shimabara","città di Shimabara, Unzen e Minamishimabara"
735,長崎県対馬,対馬市,Tsushima Nagasaki pref.,Tsushima city,"préf. Nagasaki, Tsushima",ville de Tsushima,나가사키현 대마도 ,,,,"pref. Nagasaki, Tsushima",città di Tsushima
736,長崎県壱岐,壱岐市,Iki Nagasaki pref.,Iki city,"préf. Nagasaki, Iki",ville d'Iki,나가사키현 이키 ,,,,"pref. Nagasaki, Iki",città d'Iki
737,長崎県五島,佐世保市（宇久町に限る。）、五島市、北松浦郡小値賀町及び南松浦郡,Goto Nagasaki pref.,"Sasebo city (limited Uku town), Goto city, Ojika town Kitamatsuura district, and Minamimatsuura district","préf. Nagasaki, Goto","villes de Sasebo (restreinte au quartier d'Uku) et Goshima, village d'Ojika dans le district de Kitamatsuura, district de Minamimatsuura",나가사키현 고토 ,,,,"pref. Nagasaki, Goto","città di Sasebo (restreinte au quartier d'Uku) e Goshima, villaggio d'Ojika dentro il distretto di Kitamatsuura, distretto di Minamimatsuura"
740,熊本県阿蘇,阿蘇市及び阿蘇郡（西原村を除く。）,Aso Kumamoto pref.,Asa city and Aso district (exclude Nishibara village),"préf. Kumamoto, Aso",ville d'Aso et district d'Aso (excepté le village de Nishibara),구마 모토현 아소 ,,,,"pref. Kumamoto, Aso",città d'Aso e distretto d'Aso (eccetto il villaggio di Nishibara)
741,熊本県熊本,熊本市、八代市、荒尾市、玉名市、山鹿市、菊池市、宇土市、宇城市、合志市、下益城郡、玉名郡、菊池郡、阿蘇郡西原村、上益城郡及び八代郡,Kumamoto area Kumamoto pref.,"Kumamoto city, Yatsushiro city, Arao city, Tamana city, Yamaga city, Kikuchi city, Uto city, Uki city, Kohshi city, Shimomashiki district, Tamana district, and Kikuchi district, Nishibara villege Aso district, Kamimashiki, and Yatsushiro district","préf. Kumamoto, Kumamoto","villes de Kumamoto, Yatsushiro, Arao, Tamana, Yamaga, Kikuchi, Uto, Uki et Kōshi, village de Nishibara dans le district d'Aso, districts de Shimomashiki, Tamana, Kikuchi, Kamimashiki et Yatsushiro",구마 모토현 구마 모토 ,,,,"pref. Kumamoto, Kumamoto","città di Kumamoto, Yatsushiro, Arao, Tamana, Yamaga, Kikuchi, Uto, Uki e Kōshi, villaggio di Nishibara dentro il distretto d'Aso, distretti di Shimomashiki, Tamana, Kikuchi, Kamimashiki e Yatsushiro"
742,熊本県球磨,人吉市及び球磨郡,Kuma Kumamoto pref.,Hitoyoshi city and Kuma district,"préf. Kumamoto, Kuma",ville de Hitoyoshi et district de Kuma,구마 모토현 구마 ,,,,"pref. Kumamoto, Kuma",città di Hitoyoshi e distretto di Kuma
743,熊本県天草・芦北,水俣市、上天草市、天草市、葦北郡及び天草郡,Amakusa/Ashikita Kumamoto pref.,"Minamata, Kamiamakusa and Amakusa cities, Ihoku and Amakusa district","préf. Kumamoto, Amakusa/Ashikita","villes de Minamata, Kamiamakusa et Amakusa, districts d'Ihoku et Amakusa",구마 모토현 아마쿠사 아시 키타 ,,,,"pref. Kumamoto, Amakusa/Ashikita","città di Minamata, Kamiamakusa e Amakusa, distretti d'Ihoku e Amakusa"
750,大分県北部,中津市、豊後高田市、宇佐市、国東市及び東国東郡,Northern Oita pref.,"Nakatsu, Bungotakada, Usa and Kunisaki cities, and Higasikuhisaki district","préf. Oita, Nord","villes de Nakatsu, Bungotakada, Usa et Kunisaki, district de Higashikunisaki",오이타 현 북부 ,,,,"pref. Oita, Nord","città di Nakatsu, Bungotakada, Usa e Kunisaki, distretto di Higashikunisaki"
751,大分県中部,大分市、別府市、臼杵市、津久見市、杵築市、由布市及び速見郡,Central Oita pref.,"Oita, Beppu, Kyusho, Tsukumi, Kizuki and Yuu cities and Hayami district","préf. Oita, Centre","villes d'Ōita, Beppu, Kyūsho, Tsukumi, Kizuki et Yū, district de Hayami",오이타현 중부 ,,,,"pref. Oita, Centro","città d'Ōita, Beppu, Kyūsho, Tsukumi, Kizuki e Yū, distretto di Hayami"
752,大分県南部,佐伯市及び豊後大野市,Southern Oita pref.,Saiki and Bungoohno cities,"préf. Oita, Sud",villes de Saiki et Bungoôno,오이타 현 남부 ,,,,"pref. Oita, Sud",città di Saiki e Bungoôno
753,大分県西部,日田市、竹田市及び玖珠郡,West Oita pref.,Nitta and Takeda cities and Kusu district,"préf. Oita, Ouest","villes de Nitta et Takeda, district de Kusu",오이타현 서쪽 ,,,,"pref. Oita, Ovest","città di Nitta e Takeda, distretto di Kusu"
760,宮崎県北部平野部,延岡市、日向市、西都市、児湯郡（西米良村を除く。）及び東臼杵郡門川町,Northern plain Miyazaki pref.,"Nobeoka, Hyuga and Saito cities, Koyu district (exclude Nishimaida villege), Monkawa town Higashisuki district","préf. Miyazaki, plaine Nord","villes de Nobeoka, Hyûga, Saito, district de Koyu (excepté Nishimera) et village de Mongawa dans le district de Higashiusuki",미야자키현 북부 평원 ,,,,"pref. Miyazaki, plaine Nord","città di Nobeoka, Hyûga, Saito, distretto di Koyu (eccetto Nishimarea) e villaggio di Mongawa dentro il distretto di Higashiusuki"
761,宮崎県北部山沿い,児湯郡西米良村、東臼杵郡（門川町を除く。）及び西臼杵郡,Northern mountain foot Miyazaki pref.,"Nishimera village Koyo district, Higashisuki district (exclude Mongawa town), Nishisuki district","préf. Miyazaki, piémont Nord","village de Nishimera dans le district de Koyu, districts de Higashiusuki (excepté Mongawa) et Nishiusuki",미야자키현 북부 산악 ,,,,"pref. Miyazaki, piémont Nord","villaggio di Nishimarea dentro il distretto di Koyu, distretti di Higashiusuki (eccetto Mongawa) e Nishiusuki"
762,宮崎県南部平野部,宮崎市、日南市、串間市及び東諸県郡,Southern plain Miyazaki pref.,"Miyazaki, Nichinan and Kushima cities, Higashimorokata district","préf. Miyazaki, plaine Sud","villes de Miyazaki, Nichinan et Kushima, district de Higashimorokata",미야자키현 남부 평야 ,,,,"pref. Miyazaki, plaine Sud","città di Miyazaki, Nichinan e Kushima, distretto di Higashimorokata"
763,宮崎県南部山沿い,都城市、小林市、えびの市、北諸県郡及び西諸県郡,Southern mountain foot Miyazaki pref.,"Miyakonojo, Kobayashi and Ebino cities, Kitamorokata and Nishinoomotekata district","préf. Miyazaki, piémont Sud","villes de Miyakonojō, Kobayashi et Ebino, districts de Kitamorokata et Nishimorokata",미야자키현 남부 산악 ,,,,"pref. Miyazaki, piémont Sud","città di Miyakonojō, Kobayashi e Ebino, distretti di Kitamorokata e Nishimorokata"
770,鹿児島県薩摩,鹿児島市、枕崎市、阿久根市、出水市、指宿市、薩摩川内市（鹿児島県甑島の区域を除く。）、日置市、霧島市、いちき串木野市、南さつま市、南九州市、伊佐市、姶良市、薩摩郡、出水郡及び姶良郡,Satuma Kagoshima pref.,"Kagoshima, Makurazaki, Akune, Izumi, Ibusuki, Satumasendai (exclude Koshiki area), Hioki, Kirishima, Ichikikushino, Minami-Satsuma, Minami-Kyuusyu, Isa and Aira cities, Satuma, Demizu and Aira district","préf. Kagoshima, Satsuma","villes de Kagoshima, Makurazaki, Akune, Izumi, Ibusuki, Satsumasendai (exceptée la zone de Koshiki), Hioki, Kirishima, Ichikikushikino, Minamisatsuma, Minamikyūshū, Isa et Aira, districts de Satsuma,  Izumi et Aira",가고시마현 사쓰마 ,,,,"pref. Kagoshima, Satsuma","città di Kagoshima, Makurazaki, Akune, Izumi, Ibusuki, Satsumasendai (eccetto la area di di Koshiki), Hioki, Kirishima, Ichikikushikino, Minamisatsuma, Minamikyūshū, Isa e Aira, distretti di Satsuma, Izumi e Aira"
771,鹿児島県大隅,鹿屋市、垂水市、曽於市、志布志市、曽於郡及び肝属郡,Osumi Kagoshima pref.,"Kanoya, Tarumi, Soo and Shibushi cities, Soo and Kimosuki district","préf. Kagoshima, Osumi","villes de Kanoya, Tarumi, Soo et Shibushi, districts de Soo et Kimotsuki",가고시마 현 오스미 ,,,,"pref. Kagoshima, Osumi","città di Kanoya, Tarumi, Soo e Shibushi, distretti di Soo e Kimotsuki"
774,鹿児島県十島村,鹿児島郡十島村,Toshima village Kagoshima pref.,Toshima villege Kagashima district,"préf. Kagoshima, Toshima",village de Toshima,가고시마현 토시마 마을 ,,,,"pref. Kagoshima, Toshima",villaggio di Toshima
775,鹿児島県甑島,薩摩川内市（鹿島町、上甑町、里町及び下甑町に限る。）,Koshikishima island Kagoshima pref.,"Satumasendai city (limited in Kashima, Kamikoshi, Sato, and Shimokoshiki towns)","préf. Kagoshima, Koshikishima","ville de Satsumasendai (restreinte à Kashima, Kamikoshiki, Sato et Shimokoshiki)",가고시마현 코시키시마 섬 ,,,,"pref. Kagoshima, Koshikishima","città di Satsumasendai (restreinte à Kashima, Kamikoshiki, Sato e Shimokoshiki)"
776,鹿児島県種子島,西之表市、鹿児島郡三島村及び熊毛郡（屋久島町を除く。）,Tanegashima island Kagoshima pref.,"Nishinoomote city, Mishima villege Kagashima district, and Kumage district (exclude Yakushima town)","préf. Kagoshima, Tanegashima","ville de Nishinoomote, village de Mishima dans le district de Kagoshima, district de Kumage (excepté le village de Yakushima)",가고시마 현 다네가 시마 ,,,,"pref. Kagoshima, Tanegashima","città di Nishinoomote, villaggio di Mishima dentro il distretto di Kagoshima, distretto di Kumage (eccetto il villaggio di Yakushima)"
777,鹿児島県屋久島,熊毛郡屋久島町,Yakushima island Kagoshima pref.,Yakushima town Kumage district,"préf. Kagoshima, Yakushima",village de Yakushima dans le district de Kumage,카고시 마현 야쿠시마 ,,,,"pref. Kagoshima, Yakushima",villaggio di Yakushima dentro il distretto di Kumage
778,鹿児島県奄美北部,奄美市及び大島郡（大和村、宇検村、瀬戸内町、龍郷町、喜界町に限る。）,Northern Amami Kagoshima pref.,"Amami city and Oshima district (limited in Yamato, Uken, Setouchi, Tatsugo, and Kikai villages)","préf. Kagoshima, Amami Nord","ville d'Amami et district d'Ōshima (restreint à Yamato, Uken, Setôchi, Tatsugō et Kikai)",가고시마현 아마미 북부 ,,,,"pref. Kagoshima, Amami Nord","città d'Amami e distretto d'Ōshima (limitato a Yamato, Uken, Seôchi, Tatsugō e Kikai)"
779,鹿児島県奄美南部,大島郡（鹿児島県奄美北部の区域を除く。）,Southern Amami Kagoshima pref.,Oshima district (exclude northern  Amami district),"préf. Kagoshima, Amami Sud",district d'Ōshima (exceptée la zone Amami Nord),가고시마현 아마미 남부 ,,,,"pref. Kagoshima, Amami Sud",distretto d'Ōshima (eccetto la area di Amami Nord)
783,五島列島近海,,Goto islands region,,près des îles Goto,,오도​​ 열도 근해 ,,,,presso le isole Goto,
784,天草灘,,Amakusanada,,mer Amakusa,,아마쿠사나다 ,,,,mare Amakusa,
785,有明海,,Ariakekai,,mer Ariake,,아리아케해 ,,,,mare Ariake,
786,橘湾,,Tachibana bay region,,baie de Tachibana,,타치바나 만 지역,,,,baia di Tachibana,
787,鹿児島湾,,Kagoshima bay region,,baie de Kagoshima,,카고시마 만 지역,,,,baia di Kagoshima,
790,種子島近海,,Near Tanegashima island,,près de Tanegashima,,타네가 시마 앞바 다 ,,,,presso Tanegashima,
791,日向灘,,Hyuganada,,mer Hyuga,,휴가나다,,,,mare Hyuga,
793,奄美大島近海,,Near Amami-oshima island,,près d'Amami-oshima,,아마미 오시마 근해 ,,,,presso Amami-oshima,
795,壱岐・対馬近海,,Near Iki/Tsushima islands,,près d'Iki/Tsushima,,이키 대마도 근해 ,,,,presso Iki/Tsushima,
796,福岡県北西沖,,NW off Fukuoka pref.,,NO large de Fukuoka,,후쿠오카현 북서부 해안 ,,,,NO a largo di Fukuoka,
797,薩摩半島西方沖,,Western off Satsuma peninsula,,O large de Satsuma,,사츠우마 반도 서방 바다 ,,,,O a largo di Satsuma,
798,トカラ列島近海,,Near Tokara islands,,près des îles Tokara,,트카라 열도 근해 ,,,,presso le isole Tokara,
799,奄美大島北西沖,,NW off Amami-oshima island,,NO large d'Amami-oshima,,아마미 오시마 북서부 해안 ,,,,NO a largo di Amami-oshima,
800,沖縄県本島北部,名護市、国頭郡及び島尻郡（粟国村、伊平屋村、伊是名村に限る。）,Northern main island Okinawa pref.,"Nago city, Kumigami district, and Shimajiri district (limited to Aguni, Iheya, and Izena village)","préf. Okinawa, île principale Nord","ville de Nago, districts de Kunigami et Shimajiri (restreint à Aguni, Iheya, Izena)",오키나와 본섬 북부 ,,,,"pref. Okinawa, isola principail Nord","città di Nago, distretti di Kunigami e Shimajiri (limitato a Aguni, Iheya, Izena)"
801,沖縄県本島中南部,那覇市、宜野湾市、浦添市、糸満市、沖縄市、豊見城市、うるま市、南城市、中頭郡及び島尻郡（沖縄県本島北部、沖縄県久米島及び沖縄県大東島の区域を除く。）,Southern main island Okinawa pref.,"Naha city, Ginowan city, Urazoe city, Itoman city, Okinawa city, Tomigusuku city, Uruma city, Nanjo city, Nakagami district, and Shimaji district (exclude Northan part of Okinawa main island, Kumejima and Daitojima area)","préf. Okinawa, île principale Sud","villes de Naha, Ginowan, Urazoe, Itoman, Okinawa, Tomigusuku et Uruma, Nanjō, districts de Nakagami et Shimajiri (exceptées les zones île principale, Kumeshima et Daitōjima)",오키나와 본섬 중남부 ,,,,"pref. Okinawa, isola principail Sud","città di Naha, Ginowan, Urazoe, Itoman, Okinawa, Tomigusuku e Uruma, Nanjō, distretti di Nakagami e Shimajiri (eccetto il area dis isola principail, Kumeshima e Daitōjima)"
802,沖縄県久米島,島尻郡久米島町,Kumeshima island Okinawa pref.,Kumejima villege Shimajiri district,"préf. Okinawa, Kumeshima",village de Kumejima,오키나와 쿠메 섬 ,,,,"pref. Okinawa, Kumeshima",villaggio di Kumejima
803,沖縄県大東島,島尻郡（南大東村及び北大東村に限る。）,Daitojima island Okinawa pref.,Shimajiri district (limited to Minamidaito and Kitadaito villege),"préf. Okinawa, Daitojima",villages de Minamidaitō et Kitadaitō,오키나와 대동 섬 ,,,,"pref. Okinawa, Daitojima",villaggi di Minamidaitō e Kitadaitō
804,沖縄県宮古島,宮古島市、宮古郡,Miyakojima island Okinawa pref.,Miyakojima city and Miyakojima district,"préf. Okinawa, Miyakojima","ville de Miyakojima, district de Miyako",오키나와현 미야코 지마 ,,,,"pref. Okinawa, Miyakojima","città di Miyakojima, distretto di Miyako"
805,沖縄県石垣島,石垣市,Ishigakijima island Okinawa pref.,Ishigaki city,"préf. Okinawa, Ishigakijima",ville d'Ishigaki,오키나와 이시가키 섬 ,,,,"pref. Okinawa, Ishigakijima",città d'Ishigaki
806,沖縄県与那国島,八重山郡与那国,Yonakunijima island Okinawa pref.,Yonaguni Yaeyama district,"préf. Okinawa, Yonakujima",village de Yonaguni dans le district de Yaeyama,오키나와 요나 구니 섬 ,,,,"pref. Okinawa, Yonakujima",villaggio di Yonaguni dentro il distretto di Yaeyama
807,沖縄県西表島,八重山郡竹富町,Iriomotejima island Okinawa pref.,Taketomi villege Yaeyama district,"préf. Okinawa, Iriomotejima",village de Taketomi dans le district de Yaeyama,오키나와 이리 오모테 섬 ,,,,"pref. Okinawa, Iriomotejima",villaggio di Takeomi dentro il distretto di Yaeyama
820,大隅半島東方沖,,Eastern off Okuma peninsula,,E large d'Okuma,,오스 미 반도 동쪽 바다 ,,,,E a largo di Okuma,
821,九州地方南東沖,,SE off Kyusyu area,,SE large de Kyushu,,큐슈 지방 남쪽 바다 ,,,,SE a largo di Kyushu,
822,種子島南東沖,,SE off Tanega-shima island,,SE large de Tanegashima,,타네가 시마 남동쪽 바다 ,,,,SE a largo di Tanegashima,
823,奄美大島北東沖,,NE off Amami-oshima island,,NE large d'Amami-oshima,,아마미 오시마 북동 해안 ,,,,NE a largo di Amami-oshima,
850,沖縄本島近海,,Near Okinawa island,,près d'Okinawa,,오키나와 근해 ,,,,presso Okinawa,
851,南大東島近海,,Near Minamidaidou-jima island,,près de Minamidaidoujima,,미나미다도지마 근해 ,,,,presso Minamidaidoujima,
852,沖縄本島南方沖,,Southern off Okinawa island,,S large d'Okinawa,,오키나와 남쪽 바다 ,,,,S a largo di Okinawa,
853,宮古島近海,,Near Miyako-jima island,,près de Miyakojima,,미야코 지마 해상 ,,,,presso Miyakojima,
854,石垣島近海,,Near Ishigaki-jima island,,près d'Ishigakijima,,이시가키 섬 근해 ,,,,presso Ishigakijima,
855,石垣島南方沖,,Southern off Ishigaki-jima island,,S large d'Ishigakijima,,이시가키 섬 남쪽 바다 ,,,,S a largo di Ishigakijima,
856,西表島付近,,Near Iriomote-island,,vers Iriomote,,이리 오모테 섬 근처 ,,,,area di Iriomote,
857,与那国島近海,,Near Yonaguni-jima island,,près de Yonagunijima,,요나 구니 지마 근해 ,,,,presso Yonagunijima,
858,沖縄本島北西沖,,NW off Okinawa island,,NO large d'Okinawa,,오키나와 북서부 해안 ,,,,NO a largo di Okinawa,
859,宮古島北西沖,,NW off Miyako-jima island,,NO large de Miyakojima,,미야코 섬 북서부 앞바 다 ,,,,NO a largo di Miyakojima,
860,石垣島北西沖,,NW off Ishigaki-jima island,,NO large d'Ishigakijima,,이시가키 섬 북서부 앞바 다 ,,,,NO a largo di Ishigakijima,
900,台湾付近,,Near Taiwan,,vers Taiwan,,대만 부근 ,,,,area di Taiwan,
901,東シナ海,,East China Sea,,mer de Chine orientale,,동중국해 ,,,,mare di Cina Orienteail,
902,四国沖,,Off Shikoku area,,large de Shikoku,,시코쿠 오키나와 ,,,,a largo di Shikoku,
903,鳥島近海,,Near Tori-shima island,,près de Torishima,,토리시마 근해 ,,,,presso Torishima,
904,鳥島東方沖,,Eastern off Tori-shima island,,E large de Torishima,,토리시마 동쪽 해안 ,,,,E a largo di Torishima,
905,オホーツク海南部,,Southern Sea of Okhotsk,,"mer d'Okhotsk, Sud",,오호 츠크해 남부 ,,,,"mare d'Okhotsk, Sud",
906,サハリン西方沖,,Western off Sakhalin area,,O large de Sakhaline,,사할린 서방 바다 ,,,,O a largo di Sakhaline,
907,日本海北部,,Northern Japan sea,,"mer du Japon, Nord",,동해 북부 ,,,,"mare del Giappone, Nord",
908,日本海中部,,Central Japan sea,,"mer du Japon, Centre",,동해 중부 ,,,,"mare del Giappone, Centro",
909,日本海西部,,Western Japan sea,,"mer du Japon, Ouest",,동해 서쪽 ,,,,"mare del Giappone, Ovest",
911,父島近海,,Near Chichijima island,,près de Chichijima,,치치 시마 앞바 다 ,,,,presso Chichijima,
912,千島列島,,Kuril Islands,,îles Kouriles,,쿠릴 열도 ,,,,isole Kouriil,
913,千島列島南東沖,,SE off Kuril Islands,,SE large des Kouriles,,쿠릴 열도 남쪽 바다 ,,,,SE a largo dis Kouriil,
914,北海道南東沖,,SE off Hokkaido pref.,,SE large de Hokkaido,,홋카이도 남쪽 바다 ,,,,SE a largo di Hokkaido,
915,東北地方東方沖,,Eastern off Tohoku area,,E large de Tohoku,,동북 지방 동방 바다 ,,,,E a largo di Tohoku,
916,小笠原諸島西方沖,,Western off Ogasawara islands,,O large d'Ogasawara,,오가 사 와라 제도 서방 바다 ,,,,O a largo di Ogasawara,
917,硫黄島近海,,Near Iwo-jima island,,près d'Iwojima,,이오 지마 근해 ,,,,presso Iwojima,
918,小笠原諸島東方沖,,Eastern off Ogasawara islands,,E large d'Ogasawara,,오가 사 와라 제도 동쪽 바다 ,,,,E a largo di Ogasawara,
919,南海道南方沖,,Southern off Nankaido,,S large de Nankaido,,남해 도로 남쪽 바다 ,,,,S a largo di Nankaido,
920,薩南諸島東方沖,,Eastern off Satsunan islands,,E large des îles Satsunan,,사츠우난 제도 동쪽 바다 ,,,,E a largo le isole Satsunan,
921,本州南方沖,,Southern off Honsyu main island,,S large de Honshu,,혼슈 남쪽 바다 ,,,,S a largo di Honshu,
922,サハリン南部付近,,Southern Sakhalin area,,"vers Sakhaline, Sud",,사할린 남부 부근 ,,,,"area di Sakhaline, Sud",
930,北西太平洋,,NW Pacific Ocean,,"Océan Pacifique, Nord Ouest",,북서 태평양 ,,,,"Oceano Pacifico, Nord Ovest",
932,マリアナ諸島,,Mariana islands,,îles Mariannes,,마리 아나 제도 ,,,,isole Mariannes,
933,黄海,,Yellow sea,,mer Jaune,,황해 ,,,,mare Jaune,
934,朝鮮半島南部,,Southern Korean peninsula,,"Péninsule Coréenne, Sud",,한반도 남부 ,,,,"Peninsula Coréenne, Sud",
935,朝鮮半島北部,,Northern Korean peninsula,,"Péninsule Coréenne, Nord",,한반도 북부 ,,,,"Peninsula Coréenne, Nord",
936,中国東北部,,NE China,,"Chine, Nord Est",,중국 동북부 ,,,,"Cina, Nord Est",
937,ウラジオストク付近,,Near Vladivostok,,vers Vladivostok,,블라디 보스 토크 부근 ,,,,area di Vladivostok,
938,シベリア南部,,Southern Shiberia,,"Sibérie, Sud",,시베리아 남부 ,,,,"Sibérie, Sud",
939,サハリン近海,,Near Sakhalin,,près de Sakhaline,,사할린 근해 ,,,,presso Sakhaline,
940,アリューシャン列島,,Aleutian Islands,,îles Aléoutiennes,,알류샨 열도 ,,,,isole Aléoutiennes,
941,カムチャツカ半島付近,,Near Kamchatka peninsula,,vers Péninsule du Kamchatka,,캄차카 반도 부근 ,,,,area di Peninsula di Kamchatka,
942,北米西部,,Western North America,,"Amérique du Nord, Ouest",,북미 서부 ,,,,"America del Nord, Ovest",
943,北米中部,,Central North America,,"Amérique du Nord, Centre",,북미 중부 ,,,,"America del Nord, Centro",
944,北米東部,,Eastern North America,,"Amérique du Nord, Est",,북미 동부 ,,,,"America del Nord, Est",
945,中米,,Central America,,Amérique Centrale,,중미 ,,,,America centrale,
946,南米西部,,Western South America,,"Amérique du Sud, Ouest",,남미 서부 ,,,,"America del Sud, Ovest",
947,南米中部,,Central South America,,"Amérique du Sud, Centre",,남미 중부 ,,,,"America del Sud, Centro",
948,南米東部,,Eastern South America,,"Amérique du Sud, Est",,남미 동부 ,,,,"America del Sud, Est",
949,北東太平洋,,NE Pacific Ocean,,"Océan Pacifique, Nord Est",,북동 태평양 ,,,,"Oceano Pacifico, Nord Est",
950,南太平洋,,Southern Pacific Ocean,,"Océan Pacifique, Sud",,남태평양 ,,,,"Oceano Pacifico, Sud",
951,インドシナ半島付近,,Indochina peninsula,,Péninsule d'Indochine,,인도 차이나 반도 부근 ,,,,Peninsula d'IndoCina,
952,フィリピン付近,,Philippines area,,vers les Philippines,,필리핀 부근 ,,,,area delle Philippines,
953,インドネシア付近,,Indonesia area,,vers l'Indonésie,,인도네시아 부근 ,,,,area dell'Indonésie,
954,グアム付近,,Guam area,,vers Guam,,괌 인근 ,,,,area di Guam,
955,ニューギニア付近,,New Guinea area,,vers la Nouvelle Guinée,,기니 부근 ,,,,area della Nuova Guinea,
956,ニュージーランド付近,,New Zealand area,,vers la Nouvelle Zélande,,뉴질랜드 부근 ,,,,area della Nuova Zelanda,
957,オーストラリア付近,,Australia area,,vers l'Australie,,호주 부근 ,,,,area dell'Australia,
958,シベリア付近,,Siberia area,,vers la Sibérie,,시베리아 부근 ,,,,area dellaSiberia,
959,ロシア西部,,Western Russia,,"Russie, Ouest",,러시아 서부 ,,,,"Russia, Ovest",
960,ロシア中部,,Central Russia,,"Russie, Centre",,러시아 중부 ,,,,"Russia, Centro",
961,ロシア東部,,Eastern Russia,,"Russie, Est",,러시아 동부 ,,,,"Russia, Est",
962,中央アジア,,Central Asia,,Asie Centrale,,중앙 아시아 ,,,,Asia centrale,
963,中国西部,,Western China,,"Chine, Ouest",,중국 서부 ,,,,"Cina, Ovest",
964,中国中部,,Central China,,"Chine, Centre",,중국 중부 ,,,,"Cina, Centro",
965,中国東部,,Eastern China,,"Chine, Est",,중국 동부 ,,,,"Cina, Est",
966,インド付近,,Indies area,,vers l'Inde,,인도 부근 ,,,,area dell'India,
967,インド洋,,The Indian Ocean,,Océan Indien,,인도양 ,,,,Oceano Indiano,
968,中東,,The Middle East,,Moyen Orient,,중동 ,,,,Medio Oriente,
969,ヨーロッパ西部,,Western Europe,,"Europe, Ouest",,유럽​​ 서부 ,,,,"Europa, Ovest",
970,ヨーロッパ中部,,Central Europe,,"Europe, Centre",,유럽​​ 중부 ,,,,"Europa, Centro",
971,ヨーロッパ東部,,Eastern Europe,,"Europe, Est",,유럽​​ 동부 ,,,,"Europa, Est",
972,地中海,,Mediterranean Sea,,Mer Méditerranée,,지중해 ,,,,Mar Mediterraneo,
973,アフリカ西部,,Western Africa,,"Afrique, Ouest",,아프리카 서부 ,,,,"Africa, Ovest",
974,アフリカ中部,,Central Africa,,"Afrique, Centre",,아프리카 중부 ,,,,"Africa, Centro",
975,アフリカ東部,,Eastern Africa,,"Afrique, Est",,아프리카 동부 ,,,,"Africa, Est",
976,北大西洋,,North Atlantic,,"Océan Atlantique, Nord",,북대서양 ,,,,"Oceano Atlantico, Nord",
977,南大西洋,,South Atlantic,,"Océan Atlantique, Sud",,남쪽 대서양 ,,,,"Oceano Atlantico, Sud",
978,北極付近,,North pole area,,vers le Pôle Nord,,북극 부근 ,,,,area del Polo Nord,
979,南極付近,,South pole area,,vers le Pôle Sud,,남극 부근,,,,area del Polo Sud,